机场,CHINESENAME,ENGLISH,CHCOUNTRY,ENGCOUNTRY,城 市
AAE,安纳巴,ANNABA,阿尔及利亚,ALGERIA,AAE
AAN,艾恩,AL AIN,阿联酋,UAE,AAN
AAT,阿勒泰,ALTAY,中国,CHINA,AAT
ABA,阿巴干,ABAKAN,俄罗斯,RUSSIAN,ABA
ABD,阿巴丹,ABADAN,伊朗,IRAN,ABD
ABE,阿伦镇,ALLENTOWN/BETHLEHEM,美国,USA,ABE
ABI,阿比林,ABILENE,美国,USA,ABI
ABJ,阿比让,ABIDJAN,象牙海岸,COTE D&RSQUO;LVIRE,ABJ
ABQ,阿布奎基,ALBUQUERQUE,美国,USA,ABQ
ABR,阿伯丁,ABERDEEN,美国,USA,ABR
ABV,*,ABUJA,尼日利亚,NIGERIA,ABV
ABX,阿尔伯里,ALBURY,澳洲,AUSTRALIA,ABX
ABY,阿尔班尼,ALBANY,美国,USA,ABY
ABZ,阿伯丁,ABERDEEN,英国,UK,ABZ
ACA,阿卡普尔科,ACAPULCO,墨西哥,MEXICO,ACA
ACC,阿克拉,ACCRA,加纳,GHANA,ACC
ACT,瓦科,WACO,美国,USA,ACT
ACV,-,ARCATA,-,-,ACV
ACY,大西洋城,ATLANTIC CITY,美国,USA,AIY
ADA,阿达纳,ADANA,土耳其,TURKEY,ADA
ADB,伊士麦,IZMIR,土耳其,TURKEY,ADB
ADE,亚丁,ADEN,也门,YEMEN,ADE
ADJ,安曼,AMMAN,约旦,JORDAN,AMM
ADL,阿德雷德,ADELAIDE,澳洲,AUSTRALIA,ADL
ADQ,科迪亚克,KODIAK,美国,USA,ADQ
ADU,阿尔德比勒,ARDABIL,伊朗,IRAN,ADU
ADZ,圣安德烈斯,SAN ANDRES ISLAND,哥伦比亚,COLOMBIA,ADZ
AEH,阿贝歇,ABECHER,乍得,CHAD,AEH
AEP,布宜诺斯,BUENOS AIRES,阿根廷,ARGENTINA,BUE
AEY,阿库雷里,AKUREYRI,冰岛,ICELAND,AEY
AGA,阿加迪尔,AGADIR,摩洛哥,MOROCCO,AGA
AGB,慕尼克,MUNCHEN,德国,GERMANY,AGB
AGF,阿让,AGEN,法国,FRANCE,AGF
AGP,马拉加,MALAGA,西班牙,SPAIN,AGP
AGR,阿格拉,AGRA,印度,INDIA,AGR
AGS,奥古斯达,AUGUSTA,美国,USA,AGS
AGV,阿卡里奎,ACARIGUA,委内瑞拉,VENEZUELA,AGV
AHB,阿卜哈,ABHA,沙地亚拉伯,SAUDI ARABIA,AHB
AIA,阿尔林斯,ALLIANCE,美国,USA,AIA
AIN,维恩赖特,WAINWRIGHT,美国,USA,AIN
AIY,大西洋城,ATLANTIC CITY,美国,USA,AIY
AJA,阿雅克修,AJACCIO,法国,FRANCE,AJA
AJU,阿拉卡茹,ARACAJU,巴西,BRAZIL,AJU
AKA,安康,ANKANG,中国,CHINA,AKA
AKC,阿克朗,AKRON,美国,USA,AKC
AKJ,旭川,ASAHIGAWA,日本,JAPAN,AKJ
AKL,奥克兰,AUCKLAND,新西兰,NEW ZEALAND,AKL
AKU,阿克苏,AKSU,中国,CHINA,AKU
AKY,约开,SITTWE,缅甸,MYANMAR,AKY
ALB,阿尔班尼,ALBANY,美国,USA,ALB
ALC,阿利钦塔,ALICANTE,西班牙,SPAIN,ALC
ALG,阿尔及尔,ALGIERS,阿尔及利亚,ALGERIA,ALG
ALH,阿尔班尼,ALBANY,澳洲,AUSTRALIA,ALH
ALJ,亚历山大湾,ALEXANDER BAY,南非,S.AFRICA,ALJ
ALM,阿拉穆古多,ALAMOGORDO,美国,USA,ALM
ALO,滑铁卢,WATERLOO,美国,USA,ALO
ALP,阿勒波,ALEPPO,叙利亚,SYRIAN,ALP
ALY,亚历山大,ALEXANDRIA,埃及,EGYPT,ALY
AMA,阿马里略,AMARILLO,美国,USA,AMA
AMI,马打兰,MATARAM,印尼,INDONESIA,AMI
AMM,安曼,AMMAN,约旦,JORDAN,AMM
AMQ,安汶,AMBON,印尼,INDONESIA,AMQ
AMS,亚姆斯特丹,AMSTERDAM,荷兰,NETHERLANDS,AMS
ANB,安尼斯顿,AANNISTON,美国,USA,ANB
ANC,安科雷季,ANCHORAGE,美国,USA,ANC
ANG,昂古莱姆,ANGOULEME,法国,FRANCE,ANG
ANK,安哥拉,ANKARA,土耳其,TURKEY,ANK
ANR,安特卫普,ANTWERP,比利时,BELGIUM,ANR
ANU,安提瓜,ANTIGUA,背风群岛,LEEWARD ISLAND,ANU
AOG,鞍山,ANSHAN,中国,CHINA,AOG
AOI,安科纳,ANCONA,意大利,ITALY,AOI
AOJ,青森,AOMORI,日本,JAPAN,AOJ
AOO,阿图纳,ALTOONA,美国,USA,AOO
AOR,亚罗士打,ALOR SETAR,马来西亚,MALAYSIA,AOR
APL,南普拉,NAMPULA,莫山鼻克,MOZAMBIQUE,APL
AQG,安庆,ANQING,中国,CHINA,AQG
AQJ,阿圭巴,AQABA,约旦,JORDAN,AQJ
AQP,阿伦基帕,AREQUIPA,秘鲁,PERU,AQP
ARC,阿里卡,ARICA,智利,CHILE,ARC
ARD,阿洛岛,ALOR ISLAND,印尼,INDONESIA,ARD
ARI,阿里卡,ARICA,智利,CHILE,ARI
ARM,阿米代尔,ARMIDALE,澳洲,AUSTRALIA,ARM
ARN,斯德哥尔摩,STOCKHOLM,瑞典,SWEDEN,ARN
ART,瓦特镇,WATERTOWN,美国,USA,ART
ARW,阿拉德,ARAD,罗马尼亚,ROMANIA,ARW
ASA,阿萨布,ASSAB,厄立特里尔,ERITREA,ASA
ASB,阿什卡巴德,ASHKHABAD,土库曼,TURKMENISTAN,ASB
ASD,安德罗斯,ANDROS TOWN,巴哈马,BAHAMAS,ASD
ASF,阿斯特拉罕,ASTRAKHAN,俄罗斯,RUSSIAN,ASF
ASK,亚穆苏克罗,YAMOUSSOUKRO,科特迪瓦,COTE D&RSQUO;LVOIRE,ASK
ASM,阿斯马拉,ASMARA,厄立特里尔,ERITREA,ASM
ASP,爱丽斯泉,ALICE SPRINGS,澳洲,AUSTRALIA,ASP
ASR,凯塞尔,KAYSERI,土耳其,TURKEY,ASR
ASU,亚松森,ASUNCION,巴拉圭,PARAGUAY,ASU
ASW,阿斯旺,ASWAN,埃及,EGYPT,ASW
ATB,阿特巴拉,ATBARA,苏丹,SUDAN,ATB
ATH,雅典,ATHENS,希腊,GREECE,ATH
ATL,亚特兰大,ATLANTA,美国,USA,ATL
ATQ,阿姆利则,AMRITSAR,印度,INDIA,ATQ
ATR,阿塔尔,ATAR,毛里塔尼亚,MAURITANIA,ATR
ATW,阿普雷顿,APPLETON,美国,USA,ATW
ATY,瓦特镇,WATERTOWN,美国,USA,ATY
AUA,阿鲁巴,ARUBA,阿拉伯,ARUBA,AUA
AUG,奥古斯达,AUGUSTA,美国,USA,AUG
AUH,雅布达比,ABU DHABI,阿联酋,UAE,AUH
AUS,奥斯丁,AUSTIN,美国,USA,AUS
AUX,阿拉奎亚,ARAGUAIA,巴西,BRAZIL,AUX
AVI,谢哥阿维拉,CIEGO DE AVILA,古巴,CUBA,AVI
AVL,阿什维尔,ASHEVILLE,美国,USA,AVL
AVN,亚威农,AVIGNON,法国,FRANCE,AVN
AXA,安奎拉,ANGUILLA,背风群岛,LEEWARD ISLAND,AXA
AXM,阿尔民尼亚,ARMENIA,哥伦比亚,COLOMBIA,AXM
AXT,秋田,AKITA,日本,JAPAN,AXT
AYP,阿亚库乔,AYACUCHO,秘鲁,PERU,AYP
AYQ,埃尔石,AYERS ROCK,澳洲,AUSTRALIA,AYQ
AYT,安塔利亚,ANTALYA,土耳其,TURKEY,AYT
AZD,雅兹德,YAZD,伊朗,IRAN,AZD
AZN,安迪山,ANDIZHAN,乌兹别克,UZBEKISTAN,AZN
AZO,卡拉马索,KALAMAZOO,美国,USA,AZO
AZR,阿得拉,ADRAR,阿尔及利亚,ALGERIA,AZR
BAG,碧瑶,BAGUIO,菲律宾,PHILIPPINES,BAG
BAH,巴林,BAHRAIN,巴林,BAHRAIN,BAH
BAK,巴库,BAKU,苏联,AZERBAIJAN,BAK
BAQ,巴兰基拉,BARRANQUILLA,哥伦比亚,COLOMBIA,BAQ
BAV,包头,BAOTOU,中国,CHINA,BAV
BAX,巴纳尼,BARNAUL,俄罗斯,RUSSIAN,BAX
BBM,马德望,BATTAMBANG,柬埔寨,CAMBODIA,BBM
BBO,柏培拉,BERBERA,索马里,SOMALIA,BBO
BBQ,巴布达,BARBUDA,背风群岛,LEEWARD IS,BBQ
BBR,巴斯特尔,BASSE TERRE,瓜德罗普,GUADELOUPE,BBR
BBU,布加勒斯特,BUCHAREST,罗马尼亚,ROMANIA,BBU
BCA,巴拉果亚,BARACOA,古巴,CUBA,BCA
BCD,巴哥洛,BACOLOD,菲律宾,PHILIPPINES,BCD
BCI,巴格甸,BARCALDINE,澳洲,AUSTRALIA,BCI
BCN,巴赛隆拿,BARCELONA,西班牙,SPAIN,BCN
BDA,百慕达,BERMUDA,百慕达,BERMUDA,BDA
BDB,班达堡,BUNDABERG,澳洲,AUSTRALIA,BDB
BDJ,马辰,BANJARMASIN,印尼,INDONESIA,BDJ
BDO,万隆,BANDUNG,印尼,INDONESIA,BDO
BDR,布列治港,BRIDGEPORT,美国,USA,BDR
BDS,布尔的西,BRINDISI,意大利,ITALY,BDS
BEF,蓝田,BLUEFIELDS,尼加拉瓜,NICARAGUA,BEF
BEG,贝尔格莱德,BELGRADE,南斯拉夫,YUGOSLAVIA,BEG
BEH,本顿港,BENTON HARBOR,美国,USA,BEH
BEJ,贝劳,BERAU,印尼,INDONESIA,BEJ
BEL,贝伦,BELEM,巴西,BRAZIL,BEL
BEO,纽卡塞尔,NEWCASTLE,澳洲,AUSTRALIA,BEO
BER,柏林,BERLIN,德国,GERMANY,BER
BES,布勒斯特,BREST,法国,FRANCE,BES
BEW,贝拉,BEIRA,莫桑比克,MOZAMBIQUE,BEW
BEY,贝鲁特,BEIRUT,黎巴嫩,LEBANON,BEY
BFL,巴克斯菲尔,BAKERSFIELD,美国,USA,BFL
BFN,布隆方丹,BLOEMFONTEIN,南非,S AFRICA,BFN
BFS,贝尔法斯特,BELFAST,英国,UK,BFS
BFU,蚌埠,BENGBU,中国,CHINA,BFU
BGA,布卡拉曼加,BUCARAMANGA,哥伦比亚,COLOMBIA,BGA
BGF,班吉,BANGUI,中非共和国,CEN AFR REP,BGF
BGI,巴巴多斯,BARBADOS,巴巴多斯,BARBADOS,BGI
BGM,宾罕顿,BINGHAMTON,美国,USA,BGM
BGO,卑尔根,BERGEN,挪威,NORWAY,BGO
BGR,邦哥尔,BANGOR,美国,USA,BGR
BHD,贝尔法斯特,BELFAST,英国,UK,BHD
BHE,布兰赫姆,BLENHEIM,新西兰,NEW ZEALAND,BHE
BHH,比沙,BISHA,沙地阿拉伯,SAUDI ARABIA,BHH
BHI,布兰卡湾,BAHIA BLANCA,阿根廷,ARGENTINA,BHI
BHJ,布季,BHUJ,印度,INDIA,BHJ
BHK,布哈拉,BUKHARA,乌兹别克,UZBEKISTAN,BHK
BHM,伯明汉,BIRMINGHAM,美国,USA,BHM
BHO,博柏尔,BHOPAL,印度,INDIA,BHO
BHQ,布罗肯希尔,BROKEN HILL,澳洲,AUSTRALIA,BHQ
BHS,巴妥斯特,BATHURST,澳洲,AUSTRALIA,BHS
BHU,包纳加尔,BHAVANAGAR,印度,INDIA,BHU
BHX,伯明汉,BIRMINGHAM,英国,U.K.,BHX
BHY,北海,BEIHAI,中国,CHINA,BHY
BIA,巴斯提亚,BASTIA,法国,FRANCE,BIA
BIK,伯克,BIAK,印尼,INDONESIA,BIK
BIL,比灵斯,BILLINGS,美国,USA,BIL
BIO,比尔波,BILBAO,西班牙,SPAIN,BIO
BIS,俾斯麦,BISMARCK,美国,USA,BIS
BJL,宾祖尔,BANJUL,冈比亚,GAMBIA,BJL
BJM,宝针宝拉,BUJUMBURA,布隆迪,BURUNDI,BJM
BJS,北京,BEIJING,中国,CHINA,BJS
BJX,利昂,LEON/GUANAJUATO,墨西哥,MEXICO,BJX
BJZ,巴达霍斯,BADAJOZ,西班牙,SPAIN,BJZ
BKA,莫斯科,MOSCOW,俄罗斯,RUSSIAN,MOW
BKI,沙巴,KOTA KINABALU,马来西亚,MALAYSIA,BKI
BKK,曼谷,BANGKOK,泰国,THAILAND,BKK
BKO,巴马科,BAMAKO,马里,MALI,BKO
BKQ,布拉加尔,BLACKALL,澳洲,AUSTRALIA,BKQ
BKS,明古鲁,BENGKULU,印尼,INDONESIA,BKS
BKW,贝克里,BECKLEY,美国,USA,BKW
BLA,巴塞隆纳,BARCELONA,委内瑞拉,VENEZUELA,BLA
BLF,蓝田,BLUEFIELD,美国,USA,BLF
BLG,美拉呀,BELAGA,马来西亚,MALAYSIA,BLG
BLI,柏尔罕,BELLINGHAM,美国,USA,BLI
BLQ,波伦那,BOLOGNA,意大利,ITALY,BLQ
BLR,班加罗尔,BANGALORE,印度,INDIA,BLR
BLZ,布兰太尔,BLANTYRE,马拉威,MALAWI,BLZ
BME,布鲁姆,BROOME,澳洲,AUSTRALIA,BME
BMG,布隆明顿,BLOOMINGION,美国,USA,BMG
BMO,八莫,BHAMO,缅甸,MYANMAR,BMO
BMU,卑马,BIMA,印尼,INDONESIA,BMU
BMV,邦美蜀,BAN NE THUOT,越南,VIETNAM,BMV
BND,阿巴斯港,BANDAR ABBAS,伊朗,IRAN,BND
BNE,布里斯班,BRISBANE,澳洲,AUSTRALIA,BNE
BNJ,波恩,BONN,德国,GERMANY,CGN
BNK,巴连娜,BALLINA,澳洲,AUSTRALIA,BNK
BNU,布伦曼瑙,BLUMENAU,巴西,BRAZIL,BNU
BOD,波尔多,BORDEAUX,法国,FRANCE,BOD
BOG,波哥大,BOGOTA,哥伦比亚,COLOMBIA,BOG
BOI,波西,BOISE,美国,USA,BOI
BOM,孟买,BOMBAY/MUMBAI,印度,INDIA,BOM
BON,波内尔,BONAIRE,荷兰,NETHERLANDS,BON
BOO,波多,BODO,揶威,NORWAY,BOO
BOS,波士顿,BOSTON,美国,USA,BOS
BOX,波劳罗拉,BORROLOOLA,澳洲,AUSTRALIA,BOX
BPN,巴里巴板,BALIKPAPAN,印尼,INDONESIA,BPN
BPT,波蒙特,BEAMONT,美国,USA,BPT
BQT,布勒斯特,BREST,白俄罗斯,BELARUS,BQT
BRA,巴里拉斯,BARREIRAS,巴西,BRAZIL,BRA
BRE,不莱梅,BREMEN,德国,GERMANY,BRE
BRI,巴里,BARI,意大利,ITALY,BRI
BRK,伯克,BOURKE,澳洲,AUSTRALIA,BRK
BRL,布灵顿,BURLINGTON,美国,USA,BRL
BRM,巴基西梅托,BARQUIAIMETO,委内瑞拉,VENEZUELA,BRM
BRN,伯恩,BERNE,瑞士,SWITZERLAND,BRN
BRO,布朗斯维尔,BROWNSVILLE,美国,USA,BRO
BRQ,布尔诺,BRNO,捷克,CZECH,BRQ
BRR,巴拉群岛,BARRA,英国,UK,BRR
BRS,布里斯托,BRISTOL,英国,UK,BRS
BRU,布鲁塞尔,BRUSSELS,比利时,BELGIUM,SAO
BRW,巴罗,BARROW,美国,USA,BRW
BSB,巴西尼亚,BRASILIA,巴西,BRAZIL,BSB
BSD,保山,BAOCHAN,中国,CHINA,BSD
BSG,巴塔,BATA,赤道几内亚,EQUAT GUINEA,BSG
BSK,比斯加拉,BISKRA,阿尔及利亚,ALGERIA,BSK
BSL,巴塞尔,BASEL,瑞士,SWITZERLAND,BSL
BTM,标特,BUTTE,美国,USA,BTM
BTR,巴顿路奇,BARON ROUGE,美国,USA,BTR
BTU,宾土卢,BINTULU,马来西亚,MALAYSIA,BTU
BTV,布灵顿,BURLINGTON,美国,USA,BTV
BUC,伯克敦,BURKETOWN,澳洲,AUSTRALIA,BUC
BUD,布达佩斯,BUDAPEST,匈牙利,HUNGARY,BUD
BUE,布宜诺斯,BUENOS AIRES,阿根廷,ARGENTINA,BUE
BUF,布法罗,BUFFALO,美国,USA,BUF
BUG,本格拉,BENGUELA,安哥拉,ANGOLA,BUG
BUH,布加勒斯特,BUCHAREST,罗马尼亚,ROMANIA,BUH
BUR,布班克,BURBANK,美国,USA,LAX
BUS,巴统,BATUMI,乔治亚,GEORGIA,BUS
BVB,波阿维斯塔,BOA VISTA,巴西,BRAZIL,BVB
BVC,波阿维斯塔,BOA VISTA,佛得角岛,CAPE VERDE,BVC
BVI,伯士维尔,BIRDSVILLE,澳洲,AUSTRALIA,BVI
BWE,布伦兹维克,BRAUNSCHWEIG,德国,GERMANY,BWE
BWI,巴尔的摩,BALTIMORE,美国,USA,BWI
BWN,诗里布加湾,BANDAR SERI BEGAWAN,文莱,BRUNEI DARUSSALAM,BWN
BWQ,布鲁窝利纳,BREWARRINA,澳洲,AUSTRALIA,BWQ
BWT,伯尼,BURNIE,澳洲,AUSTRALIA,BWT
BXH,巴尔喀什,BALKHASH,哈萨克,KAZAKHSTAN,BXH
BXU,武端,BUTUAN,菲律宾,PHILIPPINES,BXU
BZE,伯利兹,BELIZE CITY,伯利兹,BELIZE,BZE
BZL,巴里索尔,BARISAL,孟加拉,BANGLADESH,BZL
BZN,波兹曼,BOZEMAN,美国,USA,BZN
BZV,布拉柴维尔,BRAZZAVILLE,刚果,CONGO,BZV
CAB,卡奔达,CABINDA,安哥拉,ANGOLA,CAB
CAE,哥伦比亚,COLUMBIA,美国,USA,CAE
CAG,卡利阿里,CAGLIARI,意大利,ITALY,CAG
CAI,开罗,CAIRO,埃及,EGYPT,CAI
CAK,阿克朗,AKRON/CANTON,美国,USA,CAK
CAN,广州,GUANGZHOU,中国,CHINA,CAN
CAP,海地角,CAP HAITIEN,海地,HAITI,CAP
CAS,卡萨布兰卡,CASABLANCA,摩洛哥,MOROCCO,CAS
CAW,坎波斯,CAMPOS,巴西,BRAZIL,CAW
CAY,卡宴,CAYENNE,几内亚,FR GUIANA,CAY
CAZ,科巴,COBAR,澳洲,AUSTRALIA,CAZ
CBB,科查班巴,COCHABAMBA,玻利维亚,BOLIVIA,CBB
CBE,坎伯兰,CUMBERLAND,美国,USA,CBE
CBG,剑桥,CAMBRIDGE,英国,UK,CBG
CBI,巴仑角岛,CAPE BARREN ISLAND,澳洲,AUSTRALIA,CBI
CBL,波利瓦尔城,CIUDAD BOLIVAR,委内瑞拉,VENEZUELA,CBL
CBO,波达巴都,COTABATO,菲律宾,PHILIPPINES,CBO
CBR,坎培拉,CANBERRA,澳洲,AUSTRALIA,CBR
CCK,可可岛,COCOS ISLANDS,可可岛,COCOS ISLANDS,CCK
CCP,康塞纯,CONCEPCION,智利,CHILE,CCP
CCS,卡拉卡斯,CARACAS,委内瑞拉,VENEZUELA,CCS
CCU,加尔各答,CALCUTTA,印度,INDIA,CCU
CDC,斯德城,CEDAR CITY,美国,USA,CDC
CDG,巴黎,CHARLES DE GAULLE,法国,FRANCE,PAR
CDR,查德隆,CHADRON,美国,USA,CDR
CEB,宿雾,CEBU,菲律宾,PHILIPPINES,CEB
CED,塞杜纳,CEDUNA,澳洲,AUSTRALIA,CED
CEI,清莱,CHIANG RAI,泰国,THAILAND,CEI
CEN,奥布雷冈城,CIUDAD OBREGON,墨西哥,MEXICO,CEN
CEQ,康城,CANNES,法国,FRANCE,CEQ
CER,瑟堡,CHERBOURG,法国,FRANCE,CER
CEZ,科特兹,CORTEZ,美国,USA,CEZ
CFE,克勒蒙菲朗,CLERMONT-FERRAND,法国,FRANCE,CFE
CFN,多尼哥,DONEGAL,爱尔兰,IRELAND,CFN
CFR,冈,CAEN,法国,FRANCE,CFR
CFS,科夫斯港,COFFS HARBOUR,澳洲,AUSTRALIA,CFS
CGB,库亚巴,CUIABA,巴西,BRAZIL,CGB
CGH,圣保罗,SAO PAULO,巴西,BRAZIL,CGH
CGK,雅加达,JAKARTA SOEKARNO-HAT,印尼,INDONESIA,JKT
CGN,科隆,COLOGNE,德国,GERMANY,CGN
CGO,郑州,ZHENGZHOU,中国,CHINA,CGO
CGP,吉大港,CHITTAGONG,孟加拉,BANGLADESH,CGP
CGQ,长春,CHANGCHUN,中国,CHINA,CGQ
CGR,大坎波,CAMPO GRANDE,巴西,BRAZIL,CGR
CGX,芝加哥,CHICAGO MEIGS FIELD,美国,USA,CHI
CHA,查塔劳加,CHATTANOOGA,美国,USA,CHA
CHC,基督城,CHRISTCHURCH,新西兰,NEW ZEALAND,CHC
CHI,芝加哥,CHICAGO,美国,USA,CHI
CHM,钦波特,CHIMBOTE,秘鲁,PERU,CHM
CHS,查理斯顿,CHARLESTON,美国,USA,CHS
CHT,查特罕群岛,CHATHAM ISLAND,新西兰,NEW ZEALAND,CHT
CHY,楚雪尔湾,CHOISEUL BAY,所罗门群岛,SOLOMON IS,CHY
CIA,罗马,ROME,意大利,ITALY,CIA
CIC,奇科,CHICO,美国,USA,CIC
CID,斯德湍,CEDAR RAPIDS,美国,USA,CID
CIJ,科比哈,COBIJA,玻利维亚,BOLIVIA,CIJ
CIU,苏圣马利,SAULT SAINTE MARIE,美国,USA,CIU
CIX,契克拉约,CHICLAYO,秘鲁,PERU,CIX
CJA,卡哈马卡,CAJAMARCA,秘鲁,PERU,CJA
CJB,科因巴托尔,COIMBATORE,印度,INDIA,CJB
CJL,奇特拉尔,CHITRAL,巴基斯坦,PAKISTAN,CJL
CJS,华雷斯城,CIUDAD JUAREZ,墨西哥,MEXICO,CJS
CJU,济洲,CHEJU,韩国,KOREA,CJU
CKB,克拉克斯堡,CLARKSBURG,美国,USA,CKB
CKY,科纳克里,CONAKRY,几内亚,GUINEA,CKY
CLD,喀尔斯巴德,CARLSBAD,美国,USA,CLD
CLE,克利夫兰,CLEVELAND,美国,USA,CLE
CLJ,克鲁日,CLUJ,罗马尼亚,ROMANIA,CLJ
CLO,卡利,CALI,哥伦比亚,COLOMBIA,CLO
CLT,夏洛特,CHARLOTTE,美国,USA,CLT
CMA,坎纳马拉,CUNNAMULLA,澳洲,AUSTRALIA,CMA
CMB,哥伦坡,COLOMBO,斯里兰卡,SRI LANKA,CMB
UCOMDU,库塔蒙拉,COOTAMUNDRA,澳洲,AUSTRALIA,UCOMDU
CME,卡门城,CIUDAD DEL CARMEN,墨西哥,MEXICO,CME
CMH,哥伦布,COLUMBUS,美国,USA,CMH
CMN,卡萨布兰卡,CASABLANCA,摩洛哥,MOROCCO,CMN
CMW,卡马圭,CAMAGUEY,古巴,CUBA,CMW
CMX,汉科克,HANCOCK,美国,USA,CMX
CNB,库南布,COONAMBLE,澳洲,AUSTRALIA,CNB
CND,康士坦大,CONSTANTA,罗马尼亚,ROMANIA,CND
CNJ,克郎加里,CLONCURRY,澳洲,AUSTRALIA,CNJ
CNM,客尔斯巴德,CARLSBAD,美国,USA,CNM
CNQ,科连特斯,CORRIENTES,阿根廷,ARGENTINA,CNQ
CNS,开恩兹,CAIRNS,澳洲,AUSTRALIA,CNS
CNX,青迈,CHIANG MAI,泰国,THAILAND,CNX
COK,科钦,COCHIN,印度,INDIA,COK
COO,科托努,COTONOU,贝宁,BENIN,COO
COR,科多巴,CORDOBA,阿根廷,ARGENTINA,COR
COS,科罗拉多,COLORADO,美国,USA,COS
COU,哥伦比亚,COLUMBIA,美国,USA,COU
CPC,圣马田,SAN MARTIN,阿根廷,ARGENTINA,CPC
CPD,古伯巴地,COOBER PEDY,澳洲,AUSTRALIA,CPD
CPE,金伯撤,CAMPECHE,墨西哥,MEXICO,CPE
CPH,哥本哈根,COPENHANGEN,丹麦,DENMARK,CPH
CPO,科皮亚波,COPIAPO,智利,CHILE,CPO
CPQ,坎皮纳斯,CAMPINAS,巴西,BRAZIL,CPQ
CPR,卡斯柏,CASPER,美国,USA,CPR
CPT,开普敦,CAPE TOWN,南非,S AFRCIA,CPT
CPV,大坎皮纳,CAMPINA GRANDE,巴西,BRAZIL,CPV
CRD,里瓦达维亚,COMODORO RIVADAVIA,阿根廷,ARGENTINA,CRD
CRQ,卡拉维卡斯,CARAVELAS,巴西,BRAZIL,CRQ
CRU,卡里亚库岛,CARRIACOU,格兰尼达,GRENADA,CRU
CRW,查理斯顿,CHARLESTON,美国,USA,CRW
CSG,哥伦布,COLUMBUS,美国,USA,CSG
CSI,卡息诺,CASINO,澳洲,AUSTRALIA,CSI
CSX,长沙,CHANGSHA,中国,CHINA,CSX
CTA,卡坦尼亚,CATANIA,意大利,ITALY,CTA
CTC,卡塔马卡,CATAMARCA,阿根廷,ARGENTIA,CTC
CTG,卡塔基纳,CARTAGENA,哥伦比亚,COLOMBIA,CTG
CTL,查理维尔,CHARLEVILLE,澳洲,AUSTRALIA,CTL
CTN,科克顿,COOKTOWN,澳洲,AUSTRALIA,CTN
CTS,扎幌,SAPPORO CHITOSE,日本,JAPAN,SPK
CTU,成都,CHENGDU,中国,CHINA,CTU
CUE,昆卡,CUENCA,厄瓜多尔,ECUADOR,CUE
CUJ,古里安,CULION,菲律宾,PHILIPPINES,CUJ
CUL,库利亚坎,CULIACAN,墨西哥,MEXICO,CUL
CUM,库马纳,CUMANA,委内瑞拉,VENEZUELA,CUM
CUR,库腊索,CURACAO,-,NETHERLANDS ANTILLES,CUR
CUU,奇瓦瓦,CHIHUAHUA,墨西哥,MEXICO,CUU
CUY,乔,CUE,澳洲,AUSTRALIA,CUY
CUZ,库斯科,CUZCO,秘鲁,PERU,CUZ
CVG,辛辛那提,CINCINNATI,美国,USA,CVG
CVM,维多利亚城,CIUDAD VICTORIA,墨西哥,MEXICO,CVM
CVN,克洛维斯,CLOVIS,美国,USA,CVN
CVQ,加那芬,CARNARVON,澳洲,AUSTRALIA,CVQ
CWB,库里提巴,CURITIBA,巴西,BRAZIL,CWB
CWL,加地夫,CARDIFF,英国,UK,CWL
CWT,科拉,COWRA,澳洲,AUSTRALIA,CWT
CXH,温哥华,VANCOUVER,加拿大,CANADA,YVR
CXP,芝拉札,CILACAP,印尼,INDONESIA,CXP
CYB,开曼布腊克,CAYMAN BRAC,开曼岛,CAYMAN ISLAND,CYB
CYI,嘉义,CHIAYI,台湾,TAIWAN,CYI
CYS,斜阳,CHEYENNE,美国,USA,CYS
CZE,科罗,CORO,委内瑞拉,VENEZUELA,CZE
CZH,科罗萨尔,COROZAL,伯利兹,BELIZE,CZH
CZL,康士坦丁,CONSTANTINE,阿尔及利亚,ALGERIA,CZL
CZM,科苏梅尔,COZUMEL,墨西哥,MEXICO,CZM
CZS,南克鲁兹罗,CRUZEIRO DO SUL,巴西,BRAZIL,CZS
CZU,科罗萨尔,COROZAL,哥伦比亚,COLOMBIA,CZU
CZX,常州,CHANGZHOU,中国,CHINA,CZX
DAC,达卡,DHAKA,孟加拉,BANGLADESH,DAC
DAL,达拉斯,DALLAS,美国,USA,DAL
DAM,大马士,DAMASCUS,利亚,SYRIAN,DAM
DAY,代顿,DAYTON,美国,USA,DAY
DBA,达尔本丁,DALBANDIN,巴基斯坦,PAKISTAN,DBA
DBO,达博,DUBBO,澳洲,AUSTRALIA,DBO
DBQ,迪比克,DUBUQUE,美国,USA,DBQ
DCA,华盛顿,WASHINGION,美国,USA,DCA
DEC,迪凯特,DECATUR,美国,USA,DEC
DEL,新德里,DELHI,印度,INDIA,DEL
DEN,丹佛,DENVER,美国,USA,DEN
DFW,达拉斯,DALLAS,美国,USA,DFW
DGO,杜兰戈,DURANGO,墨西哥,MEXICO,DGO
DGT,达马盖地,DUMAGUETE,菲律宾,PHILIPPINES,DGT
DHA,达兰,DHAHRAN,沙地亚拉伯,SAUDI ARABIA,DHA
DHN,多森,DOTHAN,美国,USA,DHN
DIJ,第戎,DIJON,法国,FRANCE,DIJ
DIK,迪克森,DICKINSON,美国,USA,DIK
DIL,帝力,DILI,印尼,INDONESIA,DIL
DIN,奠边府,DIEN BIEN PHU,越南,VIETNAM,DIN
DIR,德雷达瓦,DIRE DAWA,埃塞俄比亚,ETHIOPIA,DIR
DIY,迪亚巴克尔,DIYARBAKIR,土耳其,TURKEY,DIY
DJB,占碑,JAMBI,印尼,INDONESIA,DJB
DJG,贾奈特,DJANET,阿尔及利亚,ALGERIA,DJG
DJJ,木惹山,JAYAPURA,印尼,INDONESIA,DJJ
DKR,达哈尔,DAKAR,塞内加尔,SENEGAL,DKR
DLA,杜阿拉,DOUALA,喀麦隆,CAMERNOON,DLA
DLC,大连,DALIAN,中国,CHINA,DLC
DLH,德卢斯,DULUTH,美国,USA,DLH
DLU,大理,DALI CITY,中国,CHINA,DLU
DND,邓迪,DUNDEE,英国,UK,DND
DNQ,德尼利昆,DENILIQUIN,澳洲,AUSTRALIA,DNQ
DNV,丹斯维尔,DANVILLE,美国,USA,DNV
DOG,楝古拉,DONGOLA,苏丹,SUDAN,DOG
DPO,德文彼特,DEVONPORT,澳洲,AUSTRALIA,DPO
DPS,巴里岛,DENPASAR,印尼,INDONESIA,DPS
DRB,德比,DERBY,澳洲,AUSTRALIA,DRB
DRO,杜兰戈,DURANGO,美国,USA,DRO
DRS,德累斯顿,DRESDEN,德国,GERMANY,DRS
DRW,达尔文,DARWIN,澳洲,AUSTRALIA,DRW
DSM,得梅因,DES MOINES,美国,USA,DSM
DTM,多特蒙德,DORTMUND,德国,GERMANY,DTM
DTT,底特律,DETROIT,美国,MI USA,DTT
DUB,都柏林,DUBLIN,爱尔兰,IRELAND,DUB
DUR,德班,DURBAN,南非,S AFRICA,DUR
DUS,杜塞尔多夫,DUSSELDORF,德国,GERMANY,DUS
DXB,杜拜,DUBAI,阿联酋,UAE,DXB
EAU,欧克莱尔,EAU CLAIRE,美国,USA,EAU
EBB,恩德培,ENTEBBE/KAMPALA,乌干达,UGANDA,EBB
EBD,欧拜伊德,EI OBEID,苏丹,SUDAN,EBD
EBJ,埃斯比约,ESBJERG,丹麦,DENMARK,EBJ
EBU,圣艾蒂安,ST ETIENNE,法国,FRANCE,EBU
EC,-,-,-,-,EC
EDI,爱丁堡,EDINBURGH,英国,UK,EDI
EFD,休斯敦,HOUSTON,美国,USA,EFD
EGN,朱奈纳,GENEINA,苏丹,SUDAN,EGN
EGO,别尔哥罗德,BELGOROD,俄罗斯,RUSSIAN,EGO
EIN,恩和芬,EINDHOVEN,荷兰,NETHERLANDS,EIN
EKO,埃尔科,ELKO,美国,USA,EKO
ELD,埃尔多拉多,EI DORADO,美国,USA,ELD
ELE,埃尔雷亚尔,EI REAL,巴拿马,PANAMA,ELE
ELF,法希尔,EI FASHER,苏丹,SUDAN,ELF
ELI,埃尔迈拉,ELMIRA,美国,USA,ELI
ELP,埃尔帕索,EI PASO,美国,USA,ELP
ELS,东伦敦,EAST LONDON,南非,S AFRICA,ELS
ELY,伊利,ELY,美国,USA,ELY
EMD,埃默拉尔德,EMERALD,澳洲,AUSTRALIA,EMD
EME,埃姆登,EMDEN,德国,GERMANY,EME
EMN,内马,NEMA,毛里塔尼亚,MAURITANIA,EMN
ENE,英德,ENDE,印尼,INDONESIA,ENE
ENO,恩卡纳西翁,ENCARNACION,巴拉龟,PARAGUAY,ENO
ENS,恩斯赫德,ENSCHEDE,荷兰,NETHERLANDS,ENS
ENU,埃努古,ENUGU,尼日利亚,NIGERIA,ENU
ENY,延安,YAN&RSQUO;AN,中国,CHINA,ENY
EPR,埃斯佩兰斯,ESPERANCE,澳洲,AUSTRALIA,EPR
EQS,埃斯克尔,ESQUEL,阿根廷,ARGENTINA,EQS
ERF,爱尔福特,ERFURT,德国,GERMANY,ERF
ERI,伊利,ERIE,美国,USA,ERI
ERN,埃鲁内佩,EIRUNEPE,巴西,BRAZIL,ERN
ERS,温得和克,WINDHOEK,纳米比亚,NAMIBIA,ERS
ERZ,埃尔祖鲁姆,ERZURUM,土耳其,TURKEY,ERZ
ESB,安卡拉,ANKARA,土耳其,TURKEY,ESB
ESL,埃利斯塔利,ELISTA,俄罗斯,RUSSIAN,ESL
ESR,萨尔瓦多,EI SALVADOR,智利,CHILE,ESR
ESS,埃森,ESSEN,德国,GERMANY,ESS
ETZ,梅斯,METZ,法国,FRANCE,ETZ
EUG,尤金,EUGENE,美国,USA,EUG
EVN,埃里温,YEREAVAN,阿尔民尼亚,ARMENIA,EVN
EVV,埃文斯维尔,EVANSVILLE,美国,USA,EVV
EWB,新贝尔福特,NEW BEDFORD,美国,USA,EWB
EWN,新伯尔尼,NEW BERN,美国,USA,EWN
EWR,纽约,NEWARK INTL,美国,USA,NYC
EXT,埃克塞特尼,EXETER,英国,UK,EXT
EYW,基韦斯特,KEY WEST,美国,USA,EYW
FAI,费尔班克斯,FAIRBANKS,美国,USA,FAI
FAR,法戈,FARGO,美国,USA,FAR
FAT,弗雷斯诺,FRESNO,美国,USA,FAT
FAY,费耶特维尔,FAYETTEVILLE,美国,USA,FAY
FBM,庐本巴希,LUBUMBASHI,扎伊尔,ZAIRE,FBM
FBU,奥斯陆,OSLO,挪威,NORWAY,FBU
FCO,羅馬,ROME,意大利,ITALY,ROM
FDF,法兰西堡,FORT DE FRANCE,马提尼克岛,MARTINIQUE,FDF
FEG,费尔干纳,FERGANA,乌兹别克,UZBEKISTAN,FEG
FEZ,非斯,FEZ,摩洛哥,MOROCCO,FEZ
FIE,费尔岛,FAIR ISLE,英国,UK,FIE
FIH,金沙沙,KINSHASA,扎伊尔,ZAIRE,FIH
FKI,基桑加尼,KISANGANI,扎伊尔,ZAIRE,FKI
FKQ,法克法,FAK FAK,印尼,INDONESIA,FKQ
FLL,劳特德尔堡,FORT LAUDERDALE,美国,USA,FLL
FLR,佛罗伦斯,FLORENCE,意大利,ITALY,FLR
FLS,弗林德斯德,FLINDERS ISLAND,澳洲,AUSTRALIA,FLS
FMA,福莫萨,FORMOSA,阿根廷,ARGENTINA,FMA
FMN,法明顿,FARMINGRON,美国,USA,FMN
FMO,蒙斯特,MUNSTER,德国,GERMANY,FMO
FNA,自由市,FREETOWN,塞拉利昂,SIERRA LEONE,FNA
FNI,尼姆,NIMES,法国,FRANCE,FNI
FNT,弗林特,FLINT,美国,USA,FNT
FOC,福州,FUZHOU,中国,CHINA,FOC
FPO,自由港,FREEPORT,巴哈马,BAHAMAS,FPO
FRA,法兰克福,FRANKFUT,德国,GERMANY,FRA
FRB,福布斯,FORBES,澳洲,AUSTRALIA,FRB
FRU,皮什凯克,BISHKEK,吉尔吉斯,KYRGYZTAN,FRU
FRW,弗朗西斯敦,FRANCISTOWN,博莰瓦纳,BOTSWANA,FRW
FSD,苏福尔斯,SIOUX FALLS,美国,USA,FSD
FSM,史密斯堡,FORT SMITH,美国,USA,FSM
FUJ,福井,FUKUE,日本,JAPAN,FUJ
FUK,福冈,FUKUOKA,日本,JAPAN,FUK
FWA,韦恩堡,FORT WAYNE,美国,USA,FWA
FYN,富蕴,FUYUN,中国,CHINA,FYN
FYU,育空堡,FORT YUKON,美国,USA,FYU
FYV,费耶特维尔,FAYETTEVILLE,美国,USA,FYV
GAJ,山形,YAMAGATA,日本,JAPAN,GAJ
GAQ,加奥,GAO,马里,MALI,GAQ
GAR,加赖纳,GARAINA,新畿内亚,PAPUA NEW GUINEA,GAR
GAU,高哈蒂,GAUAHATI,印度,INDIA,GAU
GBE,加柏罗尼,GABORONE,博莰瓦纳,BOTSWANA,GBE
GBG,盖尔斯堡,GALESBURG,美国,USA,GBG
GBZ,大巴里尔岛,GREAT BARRIER ISLAND,新西兰,NEW ZEALAND,GBZ
GCK,加登城,GARDEN CITY,美国,USA,GCK
GCM,大开曼岛,GRAND CAYMAN ISLAND,开曼岛,CAYMAN IS,GCM
GCN,大峡谷,GRAND CAYON,美国,USA,GCN
GDL,瓜达拉哈拉,GUADALAJARA,墨西哥,MEXICO,GDL
GDN,格但斯克,GDANSK,波兰,POLAND,GDN
GDQ,贡德尔,GONDAR,埃塞俄比亚,ETHIOPIA,GDQ
GDV,格伦代夫,GLENDIVE,美国,USA,GDV
GDX,马加丹,MAGADAN,俄罗斯,RUSSIAN,GDX
GEG,斯波坎,SPOKANE,美国,USA,GEG
GEO,乔治市,GEORGETOWN,圭亚那,GUYANA,GEO
GET,杰拉尔顿,GERALDTON,澳洲,AUSTRALIA,GET
GEV,耶利瓦勒,GALLIVARE,瑞典,SWEDEN,GEV
GFF,格里菲斯,GRIFFITH,澳洲,AUSTRALIA,GFF
GFK,大福克斯,GRAND FORKS,美国,USA,GFK
GFN,格拉夫顿,GRAFTON,澳洲,AUSTRALIA,GFN
GGG,朗维尤,LONGVIEW,美国,USA,GGG
GGT,乔治镇,GEORGE TOWN,巴哈马,BAHAMAS,GGT
GGW,格拉斯哥,GLASGOW,美国,USA,GGW
GHA,盖尔达耶,GHARDAIA,阿尔及利亚,ALGERIA,GHA
GIB,直布罗陀,GIBRALTAR,直布罗陀,GIBRALTAR,GIB
GIG,里约热内卢,RIO DE JANEIRO,巴西,BRAZIL,GIG
GIL,吉尔吉特,GILGIT,巴基斯坦,PAKISTAN,GIL
GIS,吉斯伯恩,GISBORNE,新西兰,NEW ZEALAND,GIS
GLA,格拉斯哥,GLASGOW,英国,UK,GLA
GLH,格林维尔,GREENVILLE,美国,USA,GLH
GLI,格伦因尼斯,GLEN INNES,澳洲,AUSTRALIA,GLI
GLT,格伦德斯通,GLADSTONE,澳洲,AUSTRALIA,GLT
GME,戈梅利,GOMEL,白俄罗斯,BELARUS,GME
GMP,漢城,SEOUL GIMPO INTL,韓國,-,SEL
GNB,格勒洛布尔,GRENOBLE,法国,FRANCE,GNB
GND,格兰尼达,GRENADA,格兰尼达,GRENADA,GND
GOA,热那亚,GENOA,意大利,ITALY,GOA
GOI,果亚区,GOA,印度,INDIA,GOI
GPZ,大急流,GRAND RAPIDS,美国,USA,GPZ
GRB,格林贝,GREEN BAY,美国,USA,GRB
GRI,格兰德艾兰,GRAND ISLAND,美国,USA,GRI
GRQ,格罗宁根,GRONINGEN,荷兰,NETHERLANDS,GRQ
GRR,大急流,GRAND RAPIDS,美国,USA,GRR
GRU,圣保罗,SAO PAULO,巴西,BRAZIL,SAO
GRZ,格拉莰,GRAZ,奥地利,AUSTRIA,GRZ
GSO,格林斯伯勒,GREENSBORO,美国,USA,GSO
GSP,格林维尔,GREENVILLE,美国,USA,GSP
GTE,格鲁特岛,GROOTE EYLANDT,澳洲,AUSTRALIA,GTE
GTF,大瀑布,GREAT FALLS,美国,USA,GTF
GUA,危地马拉城,GUATEMALA CITY,危地马拉,GUATEMALA,GUA
GUM,关岛,GUAM,关岛,GUAM,GUM
GUP,盖洛普,GALLUP,美国,USA,GUP
GVA,日内瓦,GENEVA,瑞士,SWITZERLAND,GVA
GVX,耶夫勒,GAVLE,瑞典,SWEDEN,GVX
GWD,加瓦特尔,GWADAR,巴基斯坦,PAKISTAN,GWD
GWL,瓜廖尔,GWALIOR,印度,INDIA,GWL
GWY,戈尔韦,GALWAY,爱尔兰,IRELAND,GWY
GYA,*,GUAYARAMERIN,玻利维亚,BOLIVIA,GYA
GYE,瓜亚基尔,GUAYAQUIL,厄瓜多尔,ECUADOR,GYE
GYM,瓜伊马斯,GUAYMAS,墨西哥,MEXICO,GYM
GYN,戈亚尼亚,GOIANIA,巴西,BRAZIL,GYN
GYY,兹加哥,CHICAGO,美国,USA,GYY
HAH,摩朗尼,MORONI,科摩罗群岛,COMOROS,HAH
HAJ,汉诺威,HANOVER,德国,GERMANY,HAJ
HAK,海口,HAIKOU,中国,CHINA,HAK
HAM,汉堡,HAMBURG,德国,GERMANY,HAM
HAN,河内,HANOI,越南,VIETNAM,HAN
HAP,长岛,LONG ISLAND,澳洲,AUSTRALIA,HAP
HAR,哈里斯堡,HARRISBURG,美国,USA,HAR
HAS,哈伊勒,HAIL,沙地阿拉伯,SAUDI ARABIA,HAS
HAU,海于格松,HAUGESUND,挪威,NORWAY,HAU
HAV,夏湾拿,HAVANA,古巴,CUBA,HAV
HBA,荷伯德,HOBART,澳洲,AUSTRALIA,HBA
HCR,霍利克罗斯,HOLY CROSS,美国,USA,HCR
HDD,海得拉巴,HYDERBAD,巴基斯坦,PAKISTAN,HDD
HEA,海壹法,HAIFA,以色列,ISRAEL,HEA
HEL,赫尔辛基,HELSINKI,芬兰,FINLAND,HEL
HFD,哈特福德,HARTFORD,美国,USA,HFD
HFE,合肥,HEFEI,中国,CHINA,HFE
HFT,哈默弗斯特,HAMMERFEST,挪威,NORWAY,HFT
HGD,休恩登,HUGHEN,澳洲,AUSTRALIA,HGD
HGH,杭州,HANGZHOU,中国,CHINA,HGH
HGL,黑尔戈兰岛,HELGOLAND,德国,GERMANY,HGL
HGR,黑格斯敦,HAGERSTOWN,美国,USA,HGR
HIB,希滨,HIBBING,美国,USA,HIB
HIJ,广岛,HIROSHIMA,日本,JAPAN,HIJ
HIN,吾州,CHINJU,韩国,KOREA,HIN
HIR,霍尼亚拉,HONIARA,所罗门群岛,SOLOMON IS,HIR
HKD,-,HAKODATE,-,-,HKD
HKG,香港,HONG KONG,香港,HONG KONG,HKG
HKK,霍基蒂卡,HOKITIKA,新西兰,NEW ZEALAND,HKK
HKT,布吉岛,PHUKET,泰国,THAILAND,HKT
HLD,海拉尔,HAILAR,中国,CHINA,HLD
HLN,海伦娜,HELENA,美国,USA,HLN
HLP,雅加达,JAKARTA,印尼,INDONESIA,JKT
HMO,埃莫西约,HERMOSILLO,墨西哥,MEXICO,HMO
HNA,盛冈,MORIOKA,日本,JAPAN,HNA
HND,东京,TOKYO HANEDA AIRPORT,日本,JAPAN,TYO
HNL,火奴鲁鲁,HONOLULU,美国,HI USA,HNL
HNM,哈纳,HANA,美国,USA,HNM
HOB,霍布斯,HOBBS,美国,USA,HOB
HOG,奥尔金,HOLGUIN,古巴,CUBA,HOG
HOM,何马,HOMER,美国,USA,HOM
HON,休伦,HURON,美国,USA,HON
HOT,温泉城,HOT SPRINGS,美国,USA,HOT
HOU,侯斯顿,HOUSTON,美国,USA,HOU
HPH,海防,HAIPHONG,越南,VIETNAM,HPH
HRB,哈尔滨,HARBIN,中国,CHINA,HRB
HRE,克拉利,HARARE,津巴布韦,ZIMBABWE,HRE
HRL,哈灵顿,HARLINGEN,美国,USA,HRL
HSH,拉斯韦加斯,LAS VEGAS,美国,USA,HSH
HSI,黑斯廷斯,HUSLIA,美国,USA,HSI
HTI,哈密尔顿岛,HAMILTON ISLAND,澳洲,AUSTRALIA,HTI
HTN,和田,HOTAN,中国,CHINA,HTN
HTS,享廷顿,HUNTINGTON,美国,USA,HTS
HUF,特雷纳特,TERRE HAUTE,美国,USA,HUF
HUN,花莲,HUALIEN,台湾,TAIWAN,HUN
HUU,瓦拉斯,HUANUCO,秘鲁,PERU,HUU
HUZ,惠州,HUIZHOU,中国,CHINA,HUZ
HVR,哈佛,HAVRE,美国,USA,HVR
HYN,黄岩,HUANGYAN,中国,CHINA,HYN
HZG,汉中,HANZHONG,中国,CHINA,HZG
IAD,华盛顿,WASHINGTON,美国,USA,WAS
IAH,侯斯顿,HOUSTON,美国,USA,IAH
IAS,雅西,IASI,罗马尼亚,ROMANIA,IAS
IBE,伊瓦格,IBAGUE,哥伦比亚,COLOMBIA,IBE
IBR,琼斯伯勒,JONESBORO,美国,USA,IBR
IBZ,伊比萨岛,IBIZA,西班牙,SPAIN,IBZ
ICN,釜山,SEOUL-INCHEON,韩国,KOREA,SEL
ICT,威奇托,WICHITA,美国,USA,ICT
IDA,爱达福尔斯,IDAHO FALLS,美国,USA,IDA
IDR,印多尔,INDORE,印度,INDIA,IDR
IEV,基辅,KIEV,乌克兰,UKRAINE,IEV
IFJ,伊萨菲厄泽,ISAFJORDUR,冰岛,ICELAND,IFJ
IGM,金曼,KINGMAN,美国,USA,IGM
IJK,伊热夫斯克,IZHEVSK,俄罗斯,RUSSIA,IJK
IKI,壹岐岛,IKI,日本,JAPAN,IKI
IKT,伊尔库莰克,IRKUTSK,俄罗斯,RUSSIA,IKT
ILO,伊洛伊洛,ILOILO,菲律宾,PHILIPPINES,ILO
ILY,艾莱,ISLAY,英国,UK,ILY
IMF,恩帕尔,IMPHAL,印度,INDIA,IMF
IMT,艾恩芒廷,IRON MOUNTAIN,美国,USA,IMT
INC,银州,YINCHUAN,中国,CHINA,INC
INN,因斯布鲁克,INNSBRUCK,奥地利,AUSTRIA,INN
INV,因弗内斯,INVERNESS,英国,UK,INV
IOM,马恩岛,ISLE OF MAN,英国,UK,IOM
IOS,伊列乌斯,IIHEUS,巴西,BRAZIL,IOS
IPH,怡保,IPOH,马来西亚,MALAYSIA,IPH
IPT,威廉斯,WILLIAMSPORT,美国,USA,IPT
IQM,且末,QIEMO,中国,CHINA,IQM
IQQ,伊基克,IQUIQUE,智利,CHILE,IQQ
IQT,伊基托斯特,IQUITOS,秘鲁,PERU,IQT
IRK,柯克斯维尔,KIRKSVILLE,美国,USA,IRK
ISN,威利斯顿,WILLISTON,美国,USA,ISN
ISP,长岛,LONG ISLAND,美国,USA,ISP
IST,伊斯坦堡,ISTANBUL,土耳其,TURKEY,IST
ITM,大阪,OSAKA ITAMI AIRPORT,日本,JAPAN,OSA
ITO,希洛,HILO,美国,USA,ITO
IWD,艾恩伍德,IRONWOOD,美国,USA,IWD
IXD,安拉亚巴德,ALLAHABAD,印度,INDIA,IXD
IXE,门格洛尔,MANGALORE,印度,INDIA,IXE
IXJ,查谟,JAMMU,印度,INDIA,IXJ
IXM,马杜赖,MADURAI,印度,INDIA,IXM
IXR,兰契,RANCHI,印度,INDIA,IXR
IXS,锡尔杰尔,SILCHAR,印度,INDIA,IXS
IXZ,布莱尔港,PORT BLAIR,安达曼群岛,ANDAMAN IS,IXZ
IZM,伊兹密尔,IZMIR,土耳其,TURKEY,IZM
JAC,杰克逊,JACKSON,美国,USA,JAC
JAG,雅各布巴德,JACOBABAD,巴基斯坦,PAKISTAN,JAG
JAI,齐普尔,JAIPUR,印度,INDIA,JAI
JAN,杰克逊,JACKSON,美国,USA,JAN
JAX,杰克逊维尔,JACKSONVILLE,美国,USA,JAX
JCA,夏纳,CANNES,法国,FRANCE,JCA
JDH,焦特布尔,JODHPUR,印度,INDIA,JDH
JDO,茹阿泽鲁,JUAZEIRO DO NORTE,巴西,BRAZIL,JDO
JED,乍得,JEDDAH,沙地亚拉伯,SAUDI ARABIA,JED
JER,泽西,JERSEY,英国,UK,JER
JFK,纽约,JOHN F KENNEDY INTL,美国,USA,NYC
JGA,贾姆讷格尔,JAMNAGAR,印度,INDIA,JGA
JGC,大峡谷,GRAND CANYON,美国,USA,JGC
JGN,嘉谷关,JIAYUGUAN,中国,CHINA,JGN
JHB,新山,JOHOR BAHRU,马来西亚,MALAYSIA,JHB
JHG,景洪,JINGHONG,中国,CHINA,JHG
JHW,詹姆斯敦,JAMESTOWN,美国,USA,JHW
JIB,吉布提,DJIBOUTI,吉布提,DJIBOUTI,JIB
JIL,吉林,JILIN,中国,CHINA,JIL
JIU,九江,JIUJIANG,中国,CHINA,JIU
JKT,雅加达,JAKARTA,印尼,INDONESIA,JKT
JLR,贾巴尔普尔,JABALPUR,印度,INDIA,JLR
JMM,马尔默,MALMO,瑞典,SWEDEN,JMM
JMS,詹姆斯敦,JAMESTOWN,美国,USA,JMS
JMU,佳木斯,JIAMUSI,中国,CHINA,JMU
JNB,约翰尼斯堡,JOHANNESBURG,南非,S AFRICA,JNB
JNU,朱诺,JUNEAU,美国,USA,JNU
JNZ,锦州,JINZHOU,中国,CHINA,JNZ
JOG,日惹,YOGYAKARTA,印尼,INDONESIA,JOG
JON,约汉斯顿岛,JOHNSTON ISLAND,-,-,JON
JOS,乔斯,JOS,尼日利亚,NIGERIA,JOS
JPA,若昂佩索阿,JOAO PESSOA,巴西,BRAZIL,JPA
JRO,乞力马扎罗,KILIMANJARO,坦桑尼亚,TANZANIA,JRO
JRS,耶路撒冷,JERUSALEM,以色列,ISRAEL,JRS
JST,约翰斯顿,JOHNSTOWN,美国,USA,JST
JUL,胡利亚卡,JULIACA,秘鲁,PERU,JUL
JUM,久姆拉,JUMLA,尼泊尔,NEPAL,JUM
JUV,乌佩纳维克,UPERNAVIK,格陵兰,GREENLAND,JUV
JYV,于韦斯屈菜,JYVASKYLA,芬兰,FINLAND,JYV
KAB,卡里巴,KARIBA,津巴布韦,ZIMBABWE,KAB
KAD,卡杜纳,KADUNA,尼日利亚,NIGERIA,KAD
KAN,卡诺,KANO,尼日利亚,NIGERIA,KAN
KAT,凯塔业,KAITAIA,新西兰,NEW ZEALAND,KAT
KBL,喀布尔,KABUL,阿富汗,AFGHANISTAN,KBL
KBP,基辅,KIEV,乌克兰,UKRAINE,KBP
KBR,古晋,KOTA BHARU,马来西亚,MALAYSIA,KBR
KBZ,凯库拉,KAIKOURA,新西兰,NEW ZEALAND,KBZ
KCA,库车,KUQA,中国,CHINA,KCA
KCH,古隽,KUCHING,马来西亚,MALAYSIA,KCH
KCZ,高知,KOCHI,日本,JAPAN,KCZ
KDI,肯达里,KENDARI,印尼,INDONESIA,KDI
KEF,雷克雅未克,REYKJAVIK,冰岛,ICELAND,KEF
KEL,基尔,KIEL,德国,GERMANY,KEL
KEM,凯米,KEMI,芬兰,FINLAND,KEM
KER,克尔曼,KERMAN,伊朗,IRAN,KER
KET,景栋,KENGTUNG,缅甸,MYANMER,KET
KFA,基法,KIFFA,毛里塔尼亚,MAURITANIA,KFA
KGI,卡尔吉利,KALGOORLIE,澳洲,AUSTRALIA,KGI
KGL,基加利,KIGALI,卢旺达,RWANDA,KGL
KHE,赫尔松,KHERSON,乌克兰,UKRAINE,KHE
KHH,高雄,KAOHSIUNG,台湾,TAIWAN R.O.C.,KHH
KHI,卡拉奇,KARACHI,-,-,KHI
KIN,京斯顿,KINGSTON,牙买加,JAMAICA,KIN
KIS,基苏木,KISUMU,肯雅,KENYA,KIS
KIX,大阪,OSAKA KANSAI INTL,日本,JAPAN,OSA
KKC,孔敬,KHON KAEN,泰国,THAILAND,KKC
KKD,科高达,KOKODA,新畿内亚,PAPUA NEW GUINEA,KKD
KKJ,北九川,KITA KYUSHU,日本,JAPAN,KKJ
KKN,希尔克内斯,KIRKENES,挪威,NORWAY,KKN
KMG,昆明,KUNMING,中国,P R CHINA,KMG
KMI,宫崎,MIYAZAKI,日本,JAPAN,KMI
KMJ,熊本,KUMAMOTO,日本,JAPAN,KMJ
KMQ,小松,KOMATSU,日本,JAPAN,KMQ
KND,金松,KINDU,扎伊尔,ZAIRE,KND
KNH,金门,KINMEN,台湾,TAIWAN,KNH
KNS,金岛,KING ISLAND,澳洲,AUSTRALIA,KNS
KNX,库努纳拉,KUNUNURRA,澳洲,AUSTRALIA,KNX
KOE,古邦,KUPANG,印尼,INDONESIA,KOE
KOI,柯克沃尔,KIRKWALL,英国,UK,KOI
KOJ,鹿儿岛,KAGOSHIMA,日本,JAPAN,KOJ
KOK,科科拉,KOKKOLA,芬兰,FINLAND,KOK
KOV,科克切塔夫,KOKSHETAU,哈萨克,KAZAKHSTAN,KOV
KOW,赣州,GANZHOU,中国,CHINA,KOW
KPS,肯普西,KEMPSEY,澳洲,AUSTRALIA,KPS
KPV,佩里维尔,PERRYVILLE,美国,USA,KPV
KRB,卡兰巴,KARUMBA,澳洲,AUSTRALIA,KRB
KRI,基科里,KIKORI,新畿内亚,PAPUA NEW GUINEA,KRI
KRL,库尔勒,KORLA,中国,CHINA,KRL
KRN,基律纳,KIRUNA,瑞典,SWEDEN,KRN
KRO,库尔干,KURGAN,俄罗斯,RUSSIA,KRO
KRY,克拉玛依,KARAMAY,中国,CHINA,KRY
KSD,卡尔斯塔德,KARLSTAD,瑞典,SWEDEN,KSD
KSQ,卡尔希,KARSHI,乌兹别克,UZBEKISTAN,KSQ
KSZ,科特拉斯,KOTLAS,俄罗斯,RUSSIA,KSZ
KTM,加德满都,KATHMANDU,尼泊尔,NEPAL,KTM
KTN,凯奇坎,KETCHIKAN,美国,USA,KTN
KTR,凯瑟琳,KATHERINE,澳洲,AUSTRALIA,KTR
KTW,卡托维兹,KATOWICE,波兰,POLAND,KTW
KUA,关丹,KUANTAN,马来西亚,MALAYSIA,KUA
KUD,古达,KUDAT,马来西亚,MALAYSIA,KUD
KUH,钏路,KUSHIRO,日本,JAPAN,KUH
KUI,喀拉@,KARACHI,巴基斯坦,PAKISTAN,KUI
KUL,吉隆坡,KUALA LUMPUR,马来西亚,MALAYSIA,KUL
KUM,屋久岛,YAKUSHIMA,日本,JAPAN,KUM
KUN,考纳斯,KAUNAS,立陶宛,LITHUANIA,KUN
KUO,库奥皮奥,KUOPIO,芬兰,FINLAND,KUO
KVD,古贾,GYANDZHA,阿塞拜疆,AZERBAIJAN,KVD
KWI,科威特,KUWAIT,科威特,KUWAIT,KWI
KWL,桂林,GUILIN,中国,CHINA,KWL
KZN,喀山,KAZAN,俄罗斯,RUSSIA,KZN
LAA,拉马尔,LAMAR,美国,USA,LAA
LAD,罗安达,LUANDA,安哥拉,ANGOLA,LAD
LAF,拉斐特,LAFAYETTE,美国,USA,LAF
LAN,兰辛,LANSING,美国,USA,LAN
LAO,拉奥,LAOAG,菲律宾,PHILIPPINES,LAO
LAP,拉巴斯,LA PAZ,墨西哥,MEXICO,LAP
LAR,拉勒米,LARAMIE,美国,USA,LAR
LAS,拉斯维加斯,LAS VEGAS,美国,USA,LAS
LAW,劳顿,LAWTON,美国,USA,LAW
LAX,洛杉机,LOS ANGELES,美国,USA,LAX
LBB,拉伯克,LUBBOCK,美国,USA,LBB
LBF,北普拉特,NORTH PLATTE,美国,USA,LBF
LBL,利伯勒尔,LIBERAL,美国,USA,LBL
LBV,利伯维尔,LIBREVILLE,加蓬,GABON,LBV
LBX,卢邦,LUBANG,菲律宾,PHILIPPINES,LBX
LCH,莱克查尔斯,LAKE CHARLES,美国,USA,LCH
LCY,伦敦,LONDON,英国,UK,LON
LDI,林迪,LINDI,坦桑尼亚,TANZANIA,LDI
LDU,拿笃,LAHAD DAFU,马来西亚,MALAYSIA,LDU
LDY,伦敦德里,LONDONDERRY,英国,UK,LDY
LEB,黎巴嫩,LEBANON,美国,USA,LEB
LED,圣彼得堡,ST PETERSBURG,俄罗斯,RUSSIAN,LED
LEH,勒阿弗尔,LE HAVRE,法国,FRANCE,LEH
LEJ,莱比锡,LEIPZIG,德国,GERMANY,LEJ
LFT,拉斐特,LAFAYETTE,美国,USA,LFT
LFW,洛美,LOME,多哥,TOGO,LFW
LGA,纽约,LA GUARDIA,美国,USA,NYC
LGB,长滩,LONG BEACH,美国,USA,LAX
LGH,利克里克,LEIGH CREEK,澳洲,AUSTRALIA,LGH
LGK,凌加卫岛,LANGKAWI,马来西亚,MALAYSIA,LGK
LGP,黎加斯比,LEGASPI,菲律宾,PHILIPPINES,LGP
LGW,伦敦,LONDON GATWICK,英国,UK,LON
LHE,拉合尔,LAHORE,巴基斯坦,PAKISTAN,LHE
LHR,伦敦,LONDON HEATHROW,英国,UK,LON
LHW,兰州,LANZHOU,中国,CHINA,LHW
LIG,利摩日,LIMOGES,法国,FRANCE,LIG
LIH,考爱岛,KAUAI ISLAND,美国,USA,LIH
LIL,里尔,LILLE,法国,FRANCE,LIL
LIM,利马,LIMA,秘鲁,PERU,LIM
LIN,米兰,MILAN,意大利,ITALY,MIL
LIR,利比里亚,LIBERIA,哥斯达尼加,COSTA RICA,LIR
LIS,里斯本,LISBON,葡萄牙,PORTUGAL,LIS
LIT,小石城,LITTLE ROCK,美国,USA,LIT
LJU,卢布尔雅那,LJUBLJANA,斯洛文尼亚,SLOVENIA,LJU
LKO,勒克瑙,LUCKNOW,印度,INDIA,LKO
LLA,吕勒奥,LULEA,瑞典,SWEDEN,LLA
LLW,利朗伟,LILONGWE,马拉威,MALAWI,LLW
LNS,兰开斯特,LANCASTER,美国,USA,LNS
LNY,拉奈,LANAI CITY,美国,USA,LNY
LNZ,林莰,LINZ,奥地利,AUSTRIA,LNZ
LON,伦敦,LONDON,英国,UK,LON
LOS,拉各斯,LAGOS,尼日利亚,NIGERIA,LOS
LPB,拉巴斯,LA PAZ,玻利维亚,BOLIVIA,LPB
LPL,利物浦,LIVERPOOL,英国,UK,LPL
LPT,南邦,LAMPANG,泰国,THAILAND,LPT
LRD,拉雷多,LAREDO,美国,USA,LRD
LRE,朗里奇,LONGREACH,澳洲,AUSTRALIA,LRE
LRH,拉罗谢尔,LA ROCHELLE,法国,FRANCE,LRH
LRT,洛里昂,LORIENT,法国,FRANCE,LRT
LTN,伦敦,LONDON,英国,UK,LON
LUD,卢得立次,LUDERITZ,纳米比亚,NAMIBIA,LUD
LUN,桑比亚,LUSAKA,卢萨卡,ZAMBIA,LUN
LUX,卢森堡,LUXEMBOURG,卢森堡,LUXEMBOURG,LUX
LVI,利文斯敦,LIVINGSTONE,卢萨卡,ZAMBIA,LVI
LVO,拉弗顿,LAVERTON,澳洲,AUSTRALIA,LVO
LWT,刘易斯顿,LEWISTOWN,美国,USA,LWT
LXA,拉萨,LHASA,中国,CHINA,LXA
LXR,盧克索,LUXOR,埃及,EGYPT,LXR
LYA,洛陽,LUOYANG,中國,CHINA,LYA
LYG,連雲港,LIANYUNGANG,中國,CHINA,LYG
LYH,林奇堡,LYNCHBURG,美國,USA,LYH
LYS,里昂,LYON,法国,FRANCE,LYS
LYU,伊利,ELY,美國,USA,LYU
LZH,柳州,LIUZHOU,中國,CHINA,LZH
LZO,盧州,LUZHOU,中國,CHINA,LZO
MAA,马德拉斯,MADRAS,印度,INDIA,MAA
MAD,马德里,MADRID,西班牙,SPAIN,MAD
MAF,米德蘭,MIDLAND,美國,USA,MAF
MAN,曼彻斯特,MANCHESTER,英国,UK,MAN
MAO,馬瑙斯,MANAUS,巴西,BRAZIL,MAO
MBA,木巴萨,MOMBASA,肯雅,KENYA,MBA
MBE,紋別,MONBETSU,日本,JAPAN,MBE
MBH,馬里伯勒,MARYBOROUGH,澳洲,AUSTRALIA,MBH
MBJ,蒙特哥湾,MONTEGO BAY,牙买加,JAMAICA,MBJ
MBL,馬尼斯蒂,MANISTEE,美國,USA,MBL
MBP,莫紐班巴,MOYOBAMBA,秘魯,PERU,MBP
MBS,薩吉諾,SAGINAW,美國,USA,MBS
MCG,麥格拉斯,MCGRATH,美國,USA,MCG
MCI,堪薩斯城,KANSAS CITY,美國,USA,MCI
MCK,麥庫克,MCCOOK,美國,USA,MCK
MCM,蒙地卡罗,MONTE CARLO,摩纳哥,MONACO,MCM
MCN,梅肯,MACON,美國,USA,MCN
MCO,奥兰多,ORLANDO INTL,美国,USA,ORL
MCP,馬卡帕,MACAPA,巴西,BRAZIL,MCP
MCT,马斯哈特,MUSCAT,阿曼,OMAN,MCT
MCU,蒙呂松,MONTLUCON,法國,FRANCE,MCU
MCX,馬哈奇卡拉,MAKHACHKALA,俄羅斯,RUSSIA,MCX
MCZ,馬塞約,MACEIO,巴西,BRAZIL,MCZ
MDC,萬鴉老,MANADO,印尼,INDONESIA,MDC
MDE,麥得林,MEDELLIN,哥倫比亞,COLOMBIA,MDE
MDG,牡丹,MUDAJIANG,中國,CHINA,MDG
MDK,姆班達卡,MBANDAKA,扎伊爾,ZAIRE,MDK
MDL,曼德勒,MANDALAY,緬甸,MYANMAR,MDL
MDT,哈里斯堡,HARRISBURG,美國,USA,MDT
MDW,芝加哥,CHICAGO MIDWAY,美國,USA,CHI
MEI,默里迪恩,MERIDIAN,美國,USA,MEI
MEL,墨尔本,MELBOURNE,澳洲,AUSTRALIA,MEL
MEM,孟菲斯,MEMPHIS,美国,USA,MEM
MES,棉兰,MEDAN,印尼,INDONESIA,MES
MEX,墨西哥城,MEXICO CITY,墨西哥,MEXICO,MEX
MFM,澳门,MACAU,澳门,MACAU,MFM
MFR,梅德福,MEDFORD,美國,USA,MFR
MGD,馬格達萊納,MAGDALENA,玻利維亞,BOLIVIA,MGD
MGM,蒙哥瑪利,MONTGOMERY,美國,USA,MGM
MHD,馬什哈德,MASHAD,伊朗,IRAN,MHD
MHE,米切爾,MITCHELL,美國,USA,MHE
MHT,曼徹斯特,MANCHESTER,美國,USA,MHT
MIA,迈阿密,MIAMI,美国,USA,MIA
MID,梅里達,MERIDA,墨西哥,MEXICO,MID
MIE,曼西,MUNCIE,美國,USA,MIE
MIL,米兰,MILAN,意大利,ITALY,MIL
MKC,堪萨斯城,KANSAS CITY,美国,USA,MKC
MKE,密沃基,MILWAUKEE,美國,USA,MKE
MKG,馬斯基根,MUSKEGON,美國,USA,MKG
MKL,杰克遜,JACKSON,美國,USA,MKL
MKR,米卡薩拉,MEEKATHARRA,澳洲,AUSTRALIA,MKR
MKY,麥凱,MACKAY,澳洲,AUSTRALIA,MKY
MKZ,馬六甲,MALACCA,馬來西亞,MALAYSIA,MKZ
MLB,墨爾本,MELBOURNE,美國,USA,MLB
MLI,莫林,MOLINE,美國,USA,MLI
MLL,馬紹爾,MARSHALL,美國,USA,MLL
MLM,莫雷利亞,MORELIA,墨西哥,MEXICO,MLM
MLN,梅利利亞,MELILLA,西班牙,SPAIN,MLN
MLS,邁爾斯城,MILES CITY,美國,USA,MLS
MLU,門羅,MONROE,美國,USA,MLU
MLW,蒙羅維亞,MONROVIA,利比里亞,LIBERIA,MLW
MLX,馬拉蒂亞,MALATYA,土耳其,TURKEY,MLX
MMA,馬爾默,MALMO,瑞典,SWEDEN,MMA
MMJ,松本,MATSUMOTO,日本,JAPAN,MMJ
MMY,宮古,MIYAKO JIMA,日本,JAPAN,MMY
MNI,蒙塞拉特,MONTSERRAT,蒙塞拉特,MONTSERRAT,MNI
MNL,马尼拉,MANILA,菲律宾,PHILIPPINES,MNL
MOF,毛梅雷,MAUMERE,印尼,INDONESIA,MOF
MOT,邁諾特,MINOT,美國,USA,MOT
MOW,莫斯科,MOSCOW,俄罗斯,RUSSIA,MOW
MPB,迈亚美,MIAMI,美国,USA,MIA
MPL,蒙彼利埃,MONTPELLIER,法國,FRANCE,MPL
MPM,馬普托,MAPUTO,莫山鼻克,MOZAMBIQUE,MPM
MPW,馬里烏波爾,MARIUPOL,烏克蘭,UKRAINE,MPW
MQT,馬凱特,MARQUETTE,美國,USA,MQT
MRS,马赛,MARSEILLA,法国,FRANCE,MRS
MRU,毛里求斯,MAURITIUS,毛里求斯,MAURITUIUS,MRU
MRY,蒙特雷,MONTEREY,美國,USA,MRY
MSN,麥迪遜,MADISON,美國,USA,MSN
MSO,米蘇拉,MISSOULA,美國,USA,MSO
MSQ,明斯克,MINSK,白俄羅斯,BELARUS,MSQ
MSY,新奧爾良,NEW ORLENS,美國,USA,MSY
MTO,馬頓,MATTON,美國,USA,MTO
MTR,蒙特里亞,MONTERIA,哥倫比亞,COLOMBIA,MTR
MTY,蒙特雷,MONTERREY,墨西哥,MEXICO,MTY
MUC,慕尼克,MUNICH,德国,GERMANY,MUC
MWA,馬里恩,MARION,美國,USA,MWA
MWH,摩西萊克,MOSES LAKE,美國,USA,MWH
MXP,米蘭,MILAN,意大利,ITALY,MIL
MZG,馬公,MAKUNG,台灣,TAIWAN,MZG
MZT,馬薩特蘭,MAZATLAN,墨西哥,MEXICO,MZT
NAA,納拉布賴,NARRABRI,澳洲,AUSTRALIA,NAA
NAO,南昌,NANCHONG,中国,CHINA,NAO
NAP,那不勒斯,NAPLES,意大利,ITALY,NAP
NAS,拿骚,NASSAU,巴哈马,BAHAMAS,NAS
NAY,北京,BEIJING,中国,CHINA,BJS
NBO,内罗比,NAIROBI,肯雅,KENYA,NBO
NCE,尼斯,NICE,法国,FRANCE,NCE
NCL,紐卡斯爾,NEWCASTLE,英國,UK,NCL
NCR,圣加洛斯,SAN CARLOS,尼加拉瓜,NICARAGUA,NCR
NDG,齊齊哈爾,QIQIHAR,中國,CHINA,NDG
NEH,恩施,ENSHI,中国,CHINA,NEH
NGB,寧波,NINGBO,中國,CHINA,NGB
NGO,名古屋,NAGOYA,日本,JAPAN,NGO
NGS,長崎,NAGASAKI,日本,JAPAN,NGS
NHA,芽莊,NHA-TRANG,越南,VIETNAM,NHA
NIM,尼亚美,NIAMEY,尼日尔,NIGER,NIM
NKG,南京,NANJING,中国,CHINA,NKG
NNG,南宁,NANNING,中国,CHINA,NNG
NNK,納克內克,NAKNEK,美國,USA,NNK
NNY,南陽,NANYANG,中國,CHINA,NNY
NOU,努美阿,NOUMEA,新喀里多尼,NEW CALEDONIA,NOU
NRT,東京,TOKYO NARITA AIRPORT,日本,JAPAN,TYO
NSN,納爾遜,NELSON,新西蘭,NEW ZEALAND,NSN
NTE,南特,NANTES,法國,FRANCE,NTE
NTG,南通,NANTONG,中國,CHINA,NTG
NTL,紐卡斯爾,NEWCASTLE,澳洲,AUSTRALIA,NTL
NUE,纽伦堡,NUREMBERG,德国,GERMANY,NUE
NVA,內瓦,NEIVA,哥倫比亞,COLOMBIA,NVA
NVK,納爾維克,NARVIK,挪威,NORWAY,NVK
NWI,諾里奇,NORWICH,英國,UK,NWI
NYC,纽约,NEW YORK,美国,USA,NYC
NYM,納德姆,NADYM,俄羅斯,RUSSIA,NYM
NYN,寧根,NYNGAN,澳洲,AUSTRALIA,NYN
OAG,奧蘭治,ORANGE,美國,USA,OAG
OAJ,杰克遜維爾,JACKSONVILLE,美國,USA,OAJ
OAK,奥克兰,OAKLAND,美国,USA,SFO
OAX,瓦哈卡,OAXOCA,墨西哥,MEXICO,OAX
OBO,帶廣,OBIHIRO,日本,JAPAN,OBO
ODE,欧登塞,ODENSE,丹麦,DENMARK,ODE
OFK,諾克福,NORFOLK,美國,USA,OFK
OGS,奧格登斯堡,OGDENSBURG,美國,USA,OGS
OGX,瓦蘭格拉,OUARGLA,阿爾及利亞,ALGERIA,OGX
OIT,大分,OITA,日本,JAPAN,OIT
OKA,冲绳岛,OKINAWA,日本,JAPAN,OKA
OKC,俄克拉何馬,OKLAHOMA CITY,美國,USA,OKC
OKD,扎幌,SAPPORO OKADAMA,日本,JAPAN,SPK
OKJ,岡山,OKAYAMA,日本,JAPAN,OKJ
OMA,奧馬哈,OMAHA,美國,USA,OMA
OME,諾姆,NOME,美國,USA,OME
ONT,安大略,ONTARIO,美國,USA,ONT
OOL,黄金海岸,GOLD COAST,澳洲,AUSTRALIA,OOL
ORB,厄勒布魯,OREBRO,瑞典,SWEDEN,ORB
ORD,芝加哥,CHICAGO O HARE INTL,美国,USA,CHI
ORF,諾克福,NORFOLK,美國,USA,ORF
ORH,伍斯特,WORCESTER,美國,USA,ORH
ORL,奧蘭多,ORLANDO HERNDON,美國,USA,ORL
ORN,奧蘭,ORAN,阿爾及利亞,ALGERIA,ORN
ORW,奧爾馬拉,ORMARA,巴基斯坦,PAKISTAN,ORW
ORY,巴黎,ORLY,法國,-,PAR
OSA,大阪,OSAKA,日本,JAPAN,OSA
OSD,厄斯特松德,OSTERSUND,瑞典,SWEDEN,OSD
OSH,奧科什科,OSHKOSH,美國,USA,OSH
OSI,奧西耶克,OSIJEK,克羅地亞,CROATIA,OSI
OSK,奧斯卡港,OSKARSHAMN,瑞典,SWEDEN,OSK
OSL,奧耶圭,OSLO,挪威,NORWAY,OSL
OSR,俄斯特拉發,OSTRAVA,捷克,CZECH,OSR
OSS,奧什,OSH,吉爾吉斯,KYRGYZTAN,OSS
OSW,奧爾斯克,ORSK,俄羅斯,RUSSIA,OSW
OSY,納姆索斯,NAMSOS,挪威,NORWAY,OSY
OTZ,科策布,KOTZEBUE,美國,USA,OTZ
OUA,瓦加杜古,OUAGADOUGOU,-,BURKINA FASO,OUA
OUD,烏季達,OUJDA,摩洛哥,MOROCCO,OUD
OUE,韋索,OUESSO,剛果,CONGO,OUE
OUL,奧盧,OULU,芬蘭,FINLAND,OUL
OXB,比绍,BISSAU,几内亚比绍,GUINEA-BISSAU,OXB
PAC,巴拿馬城,PANAMA CITY,巴拿馬,PANAMA,PAC
PAR,巴黎,PARIS,法国,FRANCE,PAR
PAT,巴特那,PATNA,印度,INDIA,PAT
PBC,普埃布拉,PUEBLA,墨西哥,MEXICO,PBC
PBI,帕姆,PALM BEACH,美國,USA,PBI
PBM,帕拉馬里博,PARAMARIBO,蘇里南,SURINAME,PBM
PDT,彭德爾頓,PENDLETON,美國,USA,PDT
PDX,波特蘭,PORTLAND,美國,USA,PDX
PEK,北京,PEKING,中国,CHINA,BJS
PEN,槟城,PENANG,马来西亚,MALAYSIA,PEN
PER,柏斯,PERTH,澳洲,AUSTRALIA,PER
PFN,巴拿馬城,PANAMA CITY,美國,USA,PFN
PGF,佩皮尼昂,PERPIGNAN,法國,FRANCE,PGF
PGV,格林維爾,GREENVILLE,美國,USA,PGV
PHF,紐波特紐斯,NEWPORT NEWS,美國,USA,PHF
PHL,费城,PHILADELPHIA,美国,USA,PHL
PHX,凤凰城,PHOENIX,美国,USA,PHX
PIA,皮奧里亞,PEORIA,美國,USA,PIA
PIE,聖比得堡,ST PETERSBURG,美國,USA,PIE
PIF,屏東,PINGTUNG,台灣,TAIWAN,PIF
PIH,波卡特洛,POCATELLO,美國,USA,PIH
PIK,格拉斯哥,GLASGOW,英國,UK,PIK
PIR,皮爾,PIERRE,美國,USA,PIR
PIS,普瓦捷,POITIERS,法國,FRANCE,PIS
PIT,匹茲堡,PITTSBURGH,美國,USA,PIT
PLH,普利茅斯,PLYMOUTH,英國,UK,PLH
PLO,林肯港,PORT LINCOLN,澳洲,AUSTRALIA,PLO
PMF,帕爾馬,PARMA,意大利,ITALY,PMF
PMI,巴尔马,PALMA DE MALLORCA,西班牙,SPAIN,PMI
PNH,金边,PHNOM PENH,柬埔寨,CAMBODIA,PNH
PNS,彭薩科拉,PENSACOLA,美國,USA,PNS
POA,阿雷格里港,PORTO ALEGRE,巴西,BRAZIL,POA
POM,莫勒斯比港,PORT MORESBY,新畿内亚,PAPUA NEW GUINEA,POM
POU,波基普西,POUGHKEEPSIE,美國,USA,POU
PRG,布拉格,PRAGUE,捷克,CZECH,PRG
PSA,比萨,PISA,意大利,ITALY,PSA
PTP,皮持尔角,POINTE-A-PITRE,瓜达罗普,GUADELOUPE,PTP
PTY,巴拿马,PANAMA CITY,巴拿马,PANAMA,PTY
PUB,普韋布洛,PUEBLO,美國,USA,PUB
PUF,波城,PAU,法國,FRANCE,PUF
PVD,普羅維登斯,PROVIDENCE,美國,USA,PVD
PVG,上海,SHANGHAI PU DONG,中國,-,SHA
PWK,茲加哥,CHICAGO,美國,USA,CHI
PWM,波特蘭,PORTLAND,美國,USA,PWM
PXU,百里居,PLEIKU,越南,VIETNAM,PXU
PZE,彭贊喜,PENZANCE,英國,UK,PZE
PZH,茲霍布,ZHOB,巴基斯坦,PAKISTAN,PZH
PZU,蘇丹港,PORT SUDAN,蘇丹,SUDAN,PZU
QRO,克雷塔罗,QUERETARO,墨西哥,MEXICO,QRO
RAJ,拉杰果德,RAJKOT,印度,INDIA,RAJ
RAK,马拉喀什,MARRAKECH,摩洛哥,MOROCCO,RAK
RAP,拉皮德城,RAPID CITY,美国,USA,RAP
RBA,拉巴特,RABAT,摩洛哥,MOROCCO,RBA
RCH,里奥阿查,RIOHACHA,哥伦比亚,COLOMBIA,RCH
RDD,雷丁,REDDING,美国,USA,RDD
RDU,罗利,RALEIGH,美国,USA,RDU
REC,累西腓,RECIFE,巴西,BRAZIL,REC
REK,雷克雅米克,REYKJAVIK,冰岛,ICELAND,REK
REN,奥伦堡,OREBURG,俄罗斯,RUSSIA,REN
REX,雷诺萨,REYNOSA,墨西哥,MEXICO,REX
RFD,罗克福,ROCKFORD,美国,USA,RFD
RGA,里奥格兰德,RIO GRANDE,阿根廷,ARGENTINA,RGA
RGN,仰光,YANGON,缅甸,MYANMAR,RGN
RHE,兰斯,REIMS,法国,FRANCE,RHE
RHI,莱茵兰德,RHINELANDER,美国,USA,RHI
RIA,圣玛丽亚,SANTA MARIA,巴西,BRAZIL,RIA
RIC,里士满,RICHMOND,美国,USA,RIC
RIG,里奥格兰德,RIO GRANDE,巴西,BRAZIL,RIG
RIO,里约热内卢,RIO DE JANEIRO,巴西,BRAZIL,RIO
RIW,里弗顿,RIVERTON,美国,USA,RIW
RIX,里加,RIGA,拉脱维亚,LATVIA,RIX
RJK,里耶卡,RIJEKA,克罗地亚,CROATIA,RJK
RKV,雷克雅未克,REYKJAVIK,冰岛,ICELAND,RKV
RMA,罗马,ROMA,澳洲,AUSTRALIA,RMA
RMI,里米尼,RIMINI,意大利,ITALY,RMI
RMK,伦马克,RENMARK,澳洲,AUSTRALIA,RMK
RNN,博恩霍意姆,BORNHOLM,丹麦,DENMARK,RNN
RNO,雷诺,RENO,美国,USA,RNO
RNS,雷恩,RENNES,法国,FRANCE,RNS
ROA,罗阿诺克,ROANOKE,美国,USA,ROA
ROC,罗切斯特,ROCHESTER,美国,USA,ROC
ROK,罗夫汉普顿,ROCKHAMPTON,澳洲,AUSTRALIA,ROK
ROM,罗马,ROME,意大利,ITALY,ROM
ROS,罗萨里奥,ROSARIO,阿根廷,ARGENTINA,ROS
ROT,罗托鲁阿,ROTORUA,新西兰,NEW ZEALAND,ROT
ROV,罗斯托夫,ROSTOV,俄罗斯,RUSSIA,ROV
ROW,罗斯伟尔,ROSWELL,美国,USA,ROW
RPR,赖布尔,RAIPUR,印度,INDIA,RPR
RSA,圣罗莎,SANTA ROSA,阿根廷,ARGENTINA,RSA
RSJ,罗萨里奥,ROSARIO,美国,USA,RSJ
RTA,罗图马岛,ROTUMA ISLAND,菲济,FIJI,RTA
RTG,鲁滕,RUTENG,印尼,INDONESIA,RTG
RTI,罗地,ROTI,印尼,INDONESIA,RTI
RTM,鹿特丹,ROTTERDAM,荷兰,NETHERLANDS,RTM
RUH,利雅德,RIYADH,沙地亚拉伯,SAUDI ARABIA,RUH
RWI,洛基山,ROCKY MOUNT,美国,USA,RWI
RXS,洛塞斯,ROXAS,菲律宾,PHILIPPINES,RXS
SAC,萨克拉门托,SACRAMENTO,美国,USA,SAC
SAF,圣菲,SANTA FE,美国,USA,SAF
SAH,萨那,SANAA,也门,YEMEN,SAH
SAL,圣萨尔瓦多,SAN SALVADOR,萨尔瓦多,EI SALVADOR,SAL
SAN,圣地亚哥,SAN DIEGO,美国,USA,SAN
SAO,圣保罗,SAO PAULO,巴西,BRAZIL,SAO
SAT,圣安东尼奥,SAN ANTONIO,美国,USA,SAT
SAU,萨武,SAWU,印尼,INDONESIA,SAU
SAV,萨凡纳河,SAVANNAH,美国,USA,SAV
SBA,圣巴巴拉,SANTA BARBARA,美国,USA,SBA
SBN,南本德,SOUTH BEND,美国,USA,SBN
SBP,圣路易斯,SAN LUIS,美国,USA,SBP
SBZ,锡比岛,SIBIU,罗马尼亚,ROMANIA,SBZ
SCC,普拉德霍湾,PRUDHOE BAY,美国,USA,SCC
SCL,圣地亚哥,SANTIAGO,智利,CHILE,SCL
SCN,萨尔布吕肯,SAARBRUCKEN,德国,GERMANY,SCN
SCO,阿克套,AKTAU,哈萨克,KAZAKHSTAN,SCO
SCT,索科特拉,SOCOTRA,也门,YEMEN,SCT
SCU,圣地亚哥,SANTIAGO,古巴,CUBA,SCU
SCV,苏恰瓦,SUCEAVA,罗马尼亚,ROMANIA,SCV
SDF,路易斯维尔,LOUISVILLE,美国,USA,SDF
SDJ,仙台,SENDAI,日本,JAPAN,SDJ
SDK,山打根,SANDAKAN,马来西亚,MALAYSIA,SDK
SDL,松兹瓦尔,SUNDSVALL,瑞典,SWEDEN,SDL
SDQ,圣多明各,SANTO DOMINGO,-,DOMINICAN REP,SDQ
SDU,里约热内卢,RIO DE JANEIRO,巴西,BARZIL,SDU
SDZ,I设得兰群,SHETLAND ISLAND,英国,UK,SDZ
SEA,西雅图,SEATTLE,美国,USA,SEA
SEL,汉城,SEOUL,韩国,KOREA,SEL
SEY,塞利巴比,SELIBABY,毛里塔尼亚,MAURITANIA,SEY
SFA,斯法克斯,SFAX,突尼斯,TUNISIA,SFA
SFG,圣马丁,ST MARTIN,-,-,SFG
SFN,圣菲,SANTA FE,阿根廷,ARGENTINA,SFN
SFO,三藩市,SAN FRANCISCO,美国,USA,SFO
SFT,谢莱夫特奥,SKELLEFTEA,瑞典,SWEDEN,SFT
SGN,胡志明市,HO CHI MINH CITY,越南,VIETNAM,SGN
SGO,圣乔治,ST GEORGE,澳洲,AUSTRALIA,SGO
SGU,圣乔治,ST GEORGE,美国,USA,SGU
SGY,斯卡圭,SKAGWAY,美国,USA,SGY
SHA,上海,SHANGHAI,中国,CHINA,SHA
SHD,斯汤顿,STAUNTON,美国,USA,SHD
SHE,沈阳,SHENYANG,中国,CHINA,SHE
SHP,秦皇岛,QINHUANGDAO,中国,CHINA,SHP
SHR,谢里登,SHERIDAN,美国,USA,SHR
SHS,沙市,SHASHI,中国,CHINA,SHS
SHV,什里夫波特,SHREVEPORT,美国,USA,SHV
SIA,西安,XIAN,中国,CHINA,SIA
SIG,圣胡安,SAN JUAN,波多黎各,PUERTO RICO,SIG
SIN,新加坡,SINGAPORE,新加坡,SINGAPORE,SIN
SIP,辛菲罗波尔,SIMFEROPOL,乌克兰,UKRAINE,SIP
SIT,锡特卡,SITKA,美国,USA,SIT
SIX,辛格尔顿,SINGLETON,澳洲,AUSTRALIA,SIX
SJC,圣荷西,SAN JOSE,美国,USA,SJC
SJJ,萨拉热窝,SARAJEVO,波斯尼亚,BOSNIA,SJJ
SJO,圣约瑟,SAN JOSE,哥斯达黎加,COSTA RICA,SJO
SJT,圣安吉洛,SAN ANGELO,美国,USA,SJT
SJU,圣胡安,SAN JUAN,波多黎各,PUERTO RICO,SJU
SKD,撒马尔汗,SAMARKAND,乌兹别克,UZBEKISTAN,SKD
SKO,索科托,SOKOTO,尼日利亚,NIGERIA,SKO
SKP,斯科普里,SKOPJE,马奇顿,MACEDONIA,SKP
SLA,萨尔曼,SALTA,阿根廷,ARGENTINA,SLA
SLC,盐湖城,SALT LAKE CITY,美国,USA,SLC
SLL,塞拉莱,SALALAH,阿曼,OMAN,SLL
SLN,-,SLN,-,UNITED STATES,SLN
SLU,圣路易斯,ST LUCIA,圣路易斯,ST LUCIA,SLU
SLW,萨尔蒂约,SALTILLO,墨西哥,MEXICO,SLW
SLZ,圣路易斯,SAO LUIZ,巴西,BRAZIL,SLZ
SMF,萨克拉门托,SACRAMENTO,美国,USA,SMF
SMK,圣迈克尔,ST MICHAEL,美国,USA,SMK
SMS,圣玛丽角,STE MARIE,马达加斯加,MADAGASCAR,SMS
SMX,圣玛丽亚,SANTA MARIA,美国,USA,SMX
SNA,圣安哪,SANTA ANA,美国,USA,SNA
SNN,善农,SHANNON,爱尔兰,IRELAND,SNN
SNO,沙公那空,SAKON NAKHON,泰国,THAILAND,SNO
SNP,圣保罗岛,ST PAUL ISLAND,美国,USA,SNP
SOC,梭罗,SOLO CITY,印尼,INDONESIA,SOC
SOF,索菲亚,SOFIA,保加利亚,BULGARIA,SOF
SOO,瑟德港,SODERHAMN,瑞典,SWEDEN,SOO
SOQ,梭朗,SORONG,印尼,INDONESIA,SOQ
SOU,南安普顿,SOUTHAMPTON,英国,UK,SOU
SOX,索加莫索,SOGAMOSO,哥伦比亚,COLOMBIA,SOX
SPD,赛德普尔,SAIDPUR,孟加拉,BANGLADESH,SPD
SPI,-,SPI,-,UNITED STATES,SPI
SPK,扎幌,SAPPORO,日本,JAPAN,SPK
SPR,圣佩德罗,SAN PEDRO,柏利兹,BELIZE,SPR
SPU,斯普利特,SPLIT,克罗地亚,CROATIA,SPU
SPW,斯潘塞,SPENCER,美国,USA,SPW
SQC,南克罗斯,SOUTHERN CROSS,澳洲,AUSTRALIA,SQC
SQI,斯特灵,STERLING,美国,USA,SQI
SRA,圣罗莎,SANTA ROSA,巴西,BRAZIL,SRA
SRE,苏克兰,SUCRE,玻利维亚,BOLIVIA,SRE
SRG,三宝垄,SEMARANG,印尼,INDONESIA,SRG
SRI,三马林达,SAMARINDA,印尼,INDONESIA,SRI
SRN,斯特拉思,STRAHAN,澳洲,AUSTRALIA,SRN
SRQ,萨拉索塔,SARASOTA,美国,USA,SRQ
SRZ,圣克鲁斯,SANTA CRUZ,玻利维亚,BOLIVIA,SRZ
SSA,萨尔瓦多,SALVADOR,巴西,BRAZIL,SSA
SSG,马拉博,MALABO,赤道几内亚,EQUAT GUINEA,SSG
SSI,不伦瑞克,BRUNSWICK,美国,USA,SSI
SSM,苏圣玛丽,SAULT SAINTE MARIE,美国,USA,SSM
SSX,萨姆松,SAMSUN,土耳其,TURKEY,SSX
STD,圣多明各,SANTO DOMINGO,委内瑞拉,VENEZUELA,STD
STG,圣乔治岛,ST GEORGE ISLAND,美国,USA,STG
STL,圣路易,ST LOUIS,美国,USA,STL
STM,圣塔伦,SANTAREM,巴西,BRAZIL,STM
STN,伦敦,LONDON,英国,UK,LON
STO,斯德哥尔摩,STOCKHOLM,瑞典,SWEDEN,STO
STR,斯图加特,STUTTGART,德国,GERMANY,STR
STS,圣罗莎,SANTA ROSA,美国,USA,STS
SUV,苏瓦,SUVA,菲济,FIJI,SUV
SUX,苏城,SIOUX CITY,美国,USA,SUX
SVC,银城,SILVER CITY,美国,USA,SVC
SVG,斯塔万格,STAVANGER,挪威,NORWAY,SVG
SVO,莫斯科,MOSCOW,俄罗斯,RUSSIA,MOW
SVZ,圣安东尼奥,SAN ANTONIO,委内瑞拉,VENEZUELA,SVZ
SWA,汕头,SHANTOU,中国,CHINA,SWA
SWD,苏厄德,SEWARD,美国,USA,SWD
SWF,-,SWF,-,UNITED STATES,SWF
SWQ,松巴哇,SUMBAWA,印尼,INDONESIA,SWQ
SXB,斯特拉斯堡,STRASBOURG,法国,FRANCE,SXB
SXE,塞尔,SALE,澳洲,AUSTRALIA,SXE
SXF,柏林,BERLIN,德国,GERMANY,SXF
SXL,斯莱戈,SLIGO,爱尔兰,IRELAND,SXL
SXR,斯利那加,SRINAGAR,印度,INDIA,SXR
SYD,悉尼,SYDNEY,澳洲,AUSTRALIA,SYD
SYR,锡拉丘兹,SYRACUSE,美国,USA,SYR
SYX,三亚,SANYAN,中国,CHINA,SYX
SYY,斯托诺韦,STORNOWAY,英国,UK,SYY
SYZ,设拉子,SHIRAZ,伊朗,IRAN,SYZ
SZG,萨尔斯堡,SALZBURG,奥地利,AUSTRIA,SZG
SZV,苏州,SUZHOU,中国,CHINA,SZV
SZX,深圳,SHENZHEN,中国,CHINA,SZX
SZZ,什切青,SZCZECIN,波兰,POLAND,SZZ
TAB,多巴哥,TOBAGO,千里达,TRINIDAD,TAB
TAC,塔克洛班,TACLOBAN,菲律宾,PHILIPPINES,TAC
TAG,塔秘拉兰,TAGBILARAN,菲律宾,PHILIPPINES,TAG
TAK,高松,TAKAMATSU,日本,JAPAN,TAK
TAL,塔纳诺,TANANA,美国,USA,TAL
TAM,坦皮科,TAMPICO,墨西哥,MEXICO,TAM
TAO,青岛,QINGDAO,中国,CHINA,TAO
TAP,塔帕丘拉,TAPACHULA,墨西哥,MEXICO,TAP
TAS,塔什干,TASHKENT,乌兹别克,UZBEKISTAN,TAS
TBO,塔波拉,TABORA,坦桑尼亚,TANZANIA,TBO
TBS,第比利斯,TBILISI,格鲁吉亚,GEORGIA,TBS
TBZ,大不里士,TABRIZ,伊朗,IRAN,TBZ
TCO,图马科,TUMACO,哥伦比亚,COLOMBIA,TCO
TCQ,塔克纳,TACNA,秘鲁,PERU,TCQ
TDD,特立尼达,TRINIDAD,玻利维亚,BOLIVIA,TDD
TDL,坦迪尔,TANDIL,阿根廷,ARGENTINA,TDL
TGU,洪都拉斯,TEGUCIGALPA,洪都拉斯,HONDURAS,TGU
THN,特罗尔海坦,TROLLHATTAN,瑞典,SWEDEN,THN
THR,德克兰,TEHRAN,伊朗,IRAN,THR
TIJ,蒂华纳,TIJUANA,墨西哥,MEXICO,TIJ
TIN,延杜夫,TINDOUF,阿尔及利亚,ALGERIA,TIN
TIS,星期四岛,THURSDAY ISLAND,澳洲,AUSTRALIA,TIS
TIU,蒂马鲁,TIMARU,新西兰,NEW ZEALAND,TIU
TIY,提吉克贾,TIDJIKJA,毛里塔尼亚,MAURITANIA,TIY
TJM,秋明,TYUMEN,俄罗斯,RUSSIA,TJM
TKQ,基戈马,KIGOMA,坦桑尼亚,TANZANIA,TKQ
TKS,德岛,TOKUSHIMA,日本,JAPAN,TKS
TKU,图尔库,TURKU,芬兰,FINLAND,TKU
TLE,图莱亚尔,TULEAR,马达加斯加,MADAGASCAR,TLE
TLH,塔拉哈西,TALLAHASSEE,美国,USA,TLH
TLI,托利托利,TOLITOLI,印尼,INDONESIA,TLI
TLL,塔林,TALLINN,爱沙尼亚,ESTONIA,TLL
TLN,土伦,TOULON,法国,FRANCE,TLN
TLS,图卢兹,TOULOUSE,法国,FRANCE,TLS
TLV,特拉维夫,TEL AVIV I,以色列,ISRAEL,TLV
TMP,坦佩雷,TAMPERE,芬兰,FINLAND,TMP
TMW,塔姆沃思,TAMWORTH,澳洲,AUSTRALIA,TMW
TNA,济南,JINAN,中国,CHINA,TNA
TNE,种子,TANEGASHIMA,日本,JAPAN,TNE
TNG,丹吉尔,TANGIER,摩洛哥,MOROCCO,TNG
TNH,通化,TONGHUA,中国,CHINA,TNH
TNN,台南,TAINAN,台湾,TAIWAN,TNN
TNX,上丁,STUNG TRENG,柬埔寨,CAMBODIA,TNX
TOD,雕门,TIOMAN,马来西亚,MALAYSIA,TOD
TOE,托泽尔,TOZEUR,突尼斯,TUNISIA,TOE
TOF,托木斯克,TOMSK,俄罗斯,RUSSIA,TOF
TOH,托雷斯,TORRES,瓦努阿图,VANUATU,TOH
TOL,托莱多,TOLEDO,美国,USA,TOL
TOM,通布图,TOMBOUCTOU,马里,MALI,TOM
TOP,托皮卡,TOPEKA,美国,USA,TOP
TOS,特罗姆瑟,TROMSO,挪威,NORWAY,TOS
TOW,托莱多,TOLEDO,巴西,BRAZIL,TOW
TOY,富山,TOYAMA,日本,JAPAN,TOY
TPA,坦帕,TAMPA,美国,USA,TPA
TPE,台北,TAIPEI,台湾,TAIWAN,TPE
TRC,托雷翁,TORREON,墨西哥,MEXICO,TRC
TRD,特隆赫姆,TRONDHEIM,挪威,NORWAY,TRD
TRE,泰里,TIREE,英国,UK,TRE
TRG,陶朗阿,TAURANGA,新西兰,NEW ZEALAND,TRG
TRI,-,TRI,-,UNITED STATES,TRI
TRK,打拉根,TARAKAN,印尼,INDONESIA,TRK
TRN,都灵,TURIN,意大利,ITALY,TRN
TRO,塔里,TAREE,澳洲,AUSTRALIA,TRO
TRS,的里瓦斯特,TRIESTE,意大利,ITALY,TRS
TRU,特里希略,TRUJILLO,秘鲁,PERU,TRU
TRV,特里瓦得琅,TRIVANDRUM,印度,INDIA,TRV
TSA,台北,TAIPEI,台湾,TAIWAN,TPE
TSJ,对马,TSUSHIMA,日本,JAPAN,TSJ
TSN,天津,TIANJIN,中国,CHINA,TSN
TSR,蒂米什瓦拉,TIMISOARA,罗马尼亚,ROMANIA,TSR
TSS,纽约,NEW YORK EAST 34TH S,美国,USA,NYC
TSV,汤斯维尔,TOWNSVILLE,澳洲,AUSTRALIA,TSV
TTE,特尔纳特,TERNATE,印尼,INDONESIA,TTE
TTJ,鸟取,TOTTORI,日本,JAPAN,TTJ
TTN,特伦顿,TRENTON,美国,USA,TTN
TTT,台东,TAITUNG,台湾,TAIWAN,TTT
TTU,得士安,TETUAN,摩洛哥,MOROCCO,TTU
TUB,土布艾,TUBUAI,土布艾岛,TUBUAI ISLAND,TUB
TUC,图库曼,TUCUMAN,阿根廷,ARGENTINA,TUC
TUF,图尔,TOURS,法国,FRANCE,TUF
TUG,土格加劳,TUGUEGARAO,菲律宾,PHILIPPINES,TUG
TUL,塔尔萨,TULSA,美国,USA,TUL
TUN,突尼斯,TUNIS,突尼斯,TUNISIA,TUN
TUO,陶波,TAUPO,新西兰,NEW ZEALAND,TUO
TUR,图库鲁伊,TUCURUI,巴西,BRAZIL,TUR
TUS,图森,TUCSON,美国,USA,TUS
TUU,塔布克,TABUK,沙地亚拉伯,SAUDI ARABIA,TUU
TVC,特拉弗斯城,TRAVERSE CITY,美国,USA,TVC
TWB,图文巴,TOOWOOMBA,澳洲,AUSTRALIA,TWB
TWF,特温福尔斯,TWIN FALLS,美国,USA,TWF
TWU,斗湖,TAWAU,马来西亚,MALAYSIA,TWU
TXG,台中,TAICHUNG,台湾,TAIWAN,TXG
TXK,特克萨卡纳,TEXARKANA,美国,USA,TXK
TXL,柏林,BERLIN,德国,GERMANY,TXL
TXN,屯溪,TUNXI,中国,CHINA,TXN
TYL,塔拉拉,TALARA,秘鲁,PERU,TYL
TYN,太原,TAIYUAN,中国,CHINA,TYN
TYO,东京,TOKYO,日本,JAPAN,TYO
TYS,-,TYS,-,-,TYS
TZA,伯利兹,BELIZE CITY,柏利兹,BELIZE,TZA
UAQ,圣胡安,SAN JUAN,阿根廷,ARGENTINA,UAQ
UBA,乌贝拉巴,UBERABA,巴西,BRAZIL,UBA
UBJ,宇部,UBE,日本,JAPAN,UBJ
UBP,乌汶,UBON,泰国,THAILAND,UBP
UBS,哥伦布,COLUMBUS,美国,USA,UBS
UCA,尤蒂卡,UTICA,美国,USA,UCA
UCT,乌赫塔,UKHTA,俄罗斯,RUSSIAN,UCT
UDI,乌贝兰迪亚,UBERLANDIA,巴西,BRAZIL,UDI
UEL,克利马内,QUELIMANE,莫桑比克,MOZAMBIQUE,UEL
UET,奎达,QUETTA,巴基斯坦,PAKISTAN,UET
UFA,乌法,UFA,俄罗斯,RUSSIAN,UFA
UGO,威热,UIGE,安哥拉,ANGOLA,UGO
UIN,昆西,QUINCY,美国,USA,UIN
UIO,基多,QUITO,厄瓜多尔,ECUADOR,UIO
ULN,乌兰巴托,ULAN BATOR,蒙古,MONGOLIA,ULN
UNT,安斯特岛,UNST,英国,UK,UNT
URC,乌鲁木齐,URUMQI,中国,CHINA,URC
USM,苏梅岛,KOH SAMUI,泰国,THAILAND,USM
VAA,厄萨,VAASA,芬兰,FINLAND,VAA
VAN,凡湖,VAN,土耳其,TURKEY,VAN
VAR,瓦尔纳,VARNA,保加利亚,BULGARIA,VAR
VBY,维斯比,VISBY,瑞典,SWEDEN,VBY
VCE,威尼斯,VENICE,意大利,ITALY,VCE
VCT,维多利亚,VICTORIA,美国,USA,VCT
VDM,别德马,VIEDMA,阿根廷,ARGENTINA,VDM
VDS,瓦德瑟,VADSO,挪威,NORWAY,VDS
VDZ,瓦尔迪兹,VALDEZ,美国,USA,VDZ
VER,韦拉克鲁德,VERACRUZ,墨西哥,MEXICO,VER
VFA,维多利亚瀑,VICTORIA FALLS,津巴布韦,ZIMBABWE,VFA
VGT,拉斯韦加斯,LAS VEGAS NORTH AIR,美国,USA,LAS
VIE,维也纳,VIENNA,奥地利,AUSTRIA,VIE
VIL,达萨拉,DAKHLA,摩洛哥,MOROCCO,VIL
VIT,维多利亚,VITORIA,西班牙,SPAIN,VIT
VIX,维多利亚,VITORIA,巴西,BRAZIL,VIX
VLC,瓦伦西亚,VALENCIA,西班牙,SPAIN,VLC
VLL,巴亚多利德,VALLADOLID,西班牙,SPAIN,VLL
VLN,巴伦西亚,VALENCIA,委内瑞拉,VENEZUELA,VLN
VNE,瓦纳,VANNES,法国,FRANCE,VNE
VNO,维尔纽斯,VILNIUS,立陶宛,LITHUANIA,VNO
VNS,瓦拉纳西,VARANASI,印度,INDIA,VNS
VPS,瓦尔帕莱索,VALPARAISO,美国,USA,VPS
VST,韦斯特罗斯,VASTERAS,瑞典,SWEDEN,VST
WAA,威尔斯,WALES,美国,USA,WAA
WAS,华盛顿,WASHINGTON,美国,USA,WAS
WAW,华沙,WARSAW,波兰,POLAND,WAW
WDG,伊尼德,ENID,美国,USA,WDG
WDH,温得和克,WINDHOEK,纳米比亚,NAMIBIA,WDH
WEF,维坊,WEIFANG,中国,CHINA,WEF
WEH,威海,WEIHAI,中国,CHINA,WEH
WGP,阿英阿普,WAINGAPU,印尼,INDONESIA,WGP
WHU,芜湖,WUHU,中国,CHINA,WHU
WIC,威克,WICK,英国,UK,WIC
WLG,威灵顿,WELLINGTON,新西兰,NEW ZEALAND,WLG
WNS,纳瓦布沙阿,NAWABSHAH,巴基斯坦,PAKISTAN,WNS
WNZ,温州,WENZHOU,中国,CHINA,WNZ
WRG,兰格尔,WRANGELL,美国,USA,WRG
WRO,弗罗莰瓦夫,WROCLAW,波兰,POLAND,WRO
WRY,韦斯特雷岛,WESTRAY,英国,UK,WRY
WSZ,西港,WESTPORT,新西兰,NEW ZEALAND,WSZ
WTL,诺阿塔克,NOATAK,美国,USA,WTL
WUH,武汉,WUHAN,中国,CHINA,WUH
WUS,武夷山,WUYISHAN,中国,CHINA,WUS
WUX,无锡,WUXI,中国,CHINA,WUX
WUZ,悟州,WUZHOU,中国,CHINA,WUZ
WWK,维瓦克,WEWAK,新畿内亚,PAPUA NEW GUINEA,WWK
WWY,西怀厄朗,WEST WYALONG,澳洲,AUSTRALIA,WWY
WYN,温德姆,WYNDHAM,澳洲,AUSTRALIA,WYN
XFN,襄樊,XIANGFAN,中国,CHINA,XFN
XIY,西安,XIAN,中国,CHINA,SIA
XLB,拉克布谢特,LAC BROCHET,加拿大,CANADA,XLB
XLS,圣路易,ST LOUIS,塞内加尔,SENEGAL,XLS
XMN,厦门,XIAMEN,中国,CHINA,XMN
XNN,西宁,XINING,中国,CHINA,XNN
XNT,刑台,XINGTAI,中国,CHINA,XNT
XRR,罗斯里弗,ROSS RIVER,加拿大,CANADA,XRR
XUZ,徐州,XUZHOU,中国,CHINA,XUZ
YAB,北极湾,ARCTIC BAY,加拿大,CANADA,YAB
YAK,亚库塔特,YAKUTAT,美国,USA,YAK
YAM,苏圣玛丽,SAULT SAINTE MARIE,加拿大,CANADA,YAM
YAO,雅温得,YAOUNDE,喀麦隆,CAMEROON,YAO
YEA,艾蒙顿,EDMONTON,加拿大,CANADA,YEA
YEG,埃德蒙顿,EDMONTON,加拿大,CANADA,&NBSP;
YGK,金斯顿,KINGSTON,加拿大,CANADA,YGK
YHZ,哈利法克斯,HALIFAX,加拿大,CANADA,YHZ
YIN,伊宁,YINING,中国,CHINA,YIN
YKM,亚基马,YAKIMA,美国,USA,YKM
YKN,扬克顿,YANKTON,美国,USA,YKN
YKS,雅库次克,YAKUTSK,俄罗斯,RUSSIA,YKS
YMQ,蒙特里尔,MONTREAL,加拿大,CANADA,YMQ
YMX,蒙特里尔,MONTREAL,加拿大,CANADA,YMX
YNB,延布,YANBU,沙地亚拉伯,SAUDI ARABIA,YNB
YNG,扬斯顿,YOUNGSTOWN,美国,USA,YNG
YNT,烟台,YANTAI,中国,CHINA,YNT
YOW,渥太华,OTTAWA,加拿大,CANADA,YOW
YQB,魁北克,QUEBEC,加拿大,CANADA,YQB
YQG,温莎,WINDSOR,加拿大,CANADA,YQG
YQR,里贾纳,REGINA,加拿大,CANADA,YQR
YQT,桑德贝,THUNDER BAY,加拿大,CANADA,YQT
YQX,甘德,GANDER,加拿大,CANADA,YQX
YSJ,圣约翰,ST JOHN,加拿大,CANADA,YSJ
YTO,多伦多,TORONTO,加拿大,CANADA,YTO
YUL,蒙特里尔,MONTREAL,加拿大,CANADA,&NBSP;
YVR,温哥华,VANCOUVER,加拿大,CANADA,YVR
YWG,温尼伯,WINNIPEG,加拿大,CANADA,YWG
YXD,艾蒙顿,EDMONTON,加拿大,CANADA,YXD
YXE,萨斯卡通,SASKATOON,加拿大,CANADA,YXE
YXJ,圣约翰,FORT ST JOHN,加拿大,CANADA,YXJ
YXU,伦敦,LONDON,加拿大,CANADA,YXU
YXY,怀德霍斯,WHITEHORSE,加拿大,CANADA,YXY
YYC,卡尔加利,CALGARY,加拿大,CANADA,YYC
YYJ,维多利亚,VICTORIA,加拿大,CANADA,YYJ
YYZ,多伦多,TORONTO,加拿大,&NBSP;,YTO
ZAD,扎达尔,ZADAR,克罗地亚,CROATIA,ZAD
ZAG,萨格勒布,ZAGREB,克罗地亚,CROATIA,ZAG
ZAL,瓦尔迪维亚,VALDIVIA,智利,CHILE,ZAL
ZAM,三宝颜,ZAMBOANGA,菲律宾,PHILIPPINES,ZAM
ZAT,昭通,ZHAOTONG,中国,CHINA,ZAT
ZAZ,萨拉戈萨,ZARAGAOZA,西班牙,SPAIN,ZAZ
ZBF,巴瑟斯特,BATHURST,加拿大,CANADA,ZBF
ZBR,哈赫巴哈,CHAH-BAHAR,伊朗,IRAN,ZBR
ZCL,萨卡特卡斯,ZACATECAS,墨西哥,MEXICO,ZCL
ZCO,特木科,TEMUCO,智利,CHILE,ZCO
ZFD,丰迪拉克,FOND DU LAC,加拿大,CANADA,ZFD
ZFM,麦克弗森堡,FORT MCPHERSON,加拿大,CANADA,ZFM
ZHA,湛江,ZHANJIANG,中国,CHINA,ZHA
ZIG,济金绍尔,ZIGUINCHOR,塞内加尔,SENEGAL,ZIG
ZLO,曼萨尼约,MANZANILLO,墨西哥,MEXICO,ZLO
ZNZ,桑给巴尔岛,ZANZIBAR,坦桑尼亚,TANZANIA,ZNZ
ZQN,女皇镇,QUEENSTOWN,新西兰,NEW ZEALAND,ZQN
ZRH,苏黎世,ZURICH,瑞士,SWITZERLAND,ZRH
ZRM,沙美,SARMI,印尼,INDONESIA,ZRM
ZSA,圣萨尔瓦多,SAN SALVADOR,巴哈马,BAHAMAS,ZSA
ZSM,圣克拉拉,SANTA CLARA,美国,USA,ZSM
ZUH,珠海,ZHUHAI,中国,CHINA,ZUH
ZWL,伍拉斯顿湖,WOLLASTON LAKE,加拿大,CANADA,ZWL